"Point"	"x_coord"	"y_coord"	"z_coord"	"u"
0	+1.250000000e+00	+0.000000000e+00	-2.148753800e-02	0.000100000
1	+1.250000000e+00	+0.000000000e+00	-2.099465193e-02	0.002103607
2	+1.250000000e+00	+0.000000000e+00	-2.050176585e-02	0.004107214
3	+1.250000000e+00	+0.000000000e+00	-2.000887977e-02	0.006110822
4	+1.250000000e+00	+0.000000000e+00	-1.951599370e-02	0.008114429
5	+1.250000000e+00	+0.000000000e+00	-1.902310762e-02	0.010118036
6	+1.250000000e+00	+0.000000000e+00	-1.853022155e-02	0.012121643
7	+1.250000000e+00	+0.000000000e+00	-1.803733547e-02	0.014125251
8	+1.250000000e+00	+0.000000000e+00	-1.754444939e-02	0.016128858
9	+1.250000000e+00	+0.000000000e+00	-1.705156332e-02	0.018132465
10	+1.250000000e+00	+0.000000000e+00	-1.655867724e-02	0.020136072
11	+1.250000000e+00	+0.000000000e+00	-1.606579117e-02	0.022139679
12	+1.250000000e+00	+0.000000000e+00	-1.557290509e-02	0.024143287
13	+1.250000000e+00	+0.000000000e+00	-1.508001901e-02	0.026146894
14	+1.250000000e+00	+0.000000000e+00	-1.458713294e-02	0.028150501
15	+1.250000000e+00	+0.000000000e+00	-1.409424686e-02	0.030154108
16	+1.250000000e+00	+0.000000000e+00	-1.360136078e-02	0.032157715
17	+1.250000000e+00	+0.000000000e+00	-1.310847471e-02	0.034161323
18	+1.250000000e+00	+0.000000000e+00	-1.261558863e-02	0.036164930
19	+1.250000000e+00	+0.000000000e+00	-1.212270256e-02	0.038168537
20	+1.250000000e+00	+0.000000000e+00	-1.162981648e-02	0.040172144
21	+1.250000000e+00	+0.000000000e+00	-1.113693040e-02	0.042175752
22	+1.250000000e+00	+0.000000000e+00	-1.064404433e-02	0.044179359
23	+1.250000000e+00	+0.000000000e+00	-1.015115825e-02	0.046182966
24	+1.250000000e+00	+0.000000000e+00	-9.658272175e-03	0.048186573
25	+1.250000000e+00	+0.000000000e+00	-9.165386099e-03	0.050190180
26	+1.250000000e+00	+0.000000000e+00	-8.672500022e-03	0.052193788
27	+1.250000000e+00	+0.000000000e+00	-8.179613946e-03	0.054197395
28	+1.250000000e+00	+0.000000000e+00	-7.686727870e-03	0.056201002
29	+1.250000000e+00	+0.000000000e+00	-7.193841794e-03	0.058204609
30	+1.250000000e+00	+0.000000000e+00	-6.700955718e-03	0.060208216
31	+1.250000000e+00	+0.000000000e+00	-6.208069642e-03	0.062211824
32	+1.250000000e+00	+0.000000000e+00	-5.715183565e-03	0.064215431
33	+1.250000000e+00	+0.000000000e+00	-5.222297489e-03	0.066219038
34	+1.250000000e+00	+0.000000000e+00	-4.729411413e-03	0.068222645
35	+1.250000000e+00	+0.000000000e+00	-4.236525337e-03	0.070226253
36	+1.250000000e+00	+0.000000000e+00	-3.743639261e-03	0.072229860
37	+1.250000000e+00	+0.000000000e+00	-3.250753184e-03	0.074233467
38	+1.250000000e+00	+0.000000000e+00	-2.757867108e-03	0.076237074
39	+1.250000000e+00	+0.000000000e+00	-2.264981032e-03	0.078240681
40	+1.250000000e+00	+0.000000000e+00	-1.772094956e-03	0.080244289
41	+1.250000000e+00	+0.000000000e+00	-1.279208880e-03	0.082247896
42	+1.250000000e+00	+0.000000000e+00	-7.863228036e-04	0.084251503
43	+1.250000000e+00	+0.000000000e+00	-2.934367274e-04	0.086255110
44	+1.250000000e+00	+0.000000000e+00	+1.994493488e-04	0.088258717
45	+1.250000000e+00	+0.000000000e+00	+6.923354250e-04	0.090262325
46	+1.250000000e+00	+0.000000000e+00	+1.185221501e-03	0.092265932
47	+1.250000000e+00	+0.000000000e+00	+1.678107577e-03	0.094269539
48	+1.250000000e+00	+0.000000000e+00	+2.170993653e-03	0.096273146
49	+1.250000000e+00	+0.000000000e+00	+2.663879730e-03	0.098276754
50	+1.250000000e+00	+0.000000000e+00	+3.156765806e-03	0.100280361
51	+1.250000000e+00	+0.000000000e+00	+3.649651882e-03	0.102283968
52	+1.250000000e+00	+0.000000000e+00	+4.142537958e-03	0.104287575
53	+1.250000000e+00	+0.000000000e+00	+4.635424034e-03	0.106291182
54	+1.250000000e+00	+0.000000000e+00	+5.128310111e-03	0.108294790
55	+1.250000000e+00	+0.000000000e+00	+5.621196187e-03	0.110298397
56	+1.250000000e+00	+0.000000000e+00	+6.114082263e-03	0.112302004
57	+1.250000000e+00	+0.000000000e+00	+6.606968339e-03	0.114305611
58	+1.250000000e+00	+0.000000000e+00	+7.099854415e-03	0.116309218
59	+1.250000000e+00	+0.000000000e+00	+7.592740491e-03	0.118312826
60	+1.250000000e+00	+0.000000000e+00	+8.085626568e-03	0.120316433
61	+1.250000000e+00	+0.000000000e+00	+8.578512644e-03	0.122320040
62	+1.250000000e+00	+0.000000000e+00	+9.071398720e-03	0.124323647
63	+1.250000000e+00	+0.000000000e+00	+9.564284796e-03	0.126327255
64	+1.250000000e+00	+0.000000000e+00	+1.005717087e-02	0.128330862
65	+1.250000000e+00	+0.000000000e+00	+1.055005695e-02	0.130334469
66	+1.250000000e+00	+0.000000000e+00	+1.104294302e-02	0.132338076
67	+1.250000000e+00	+0.000000000e+00	+1.153582910e-02	0.134341683
68	+1.250000000e+00	+0.000000000e+00	+1.202871518e-02	0.136345291
69	+1.250000000e+00	+0.000000000e+00	+1.252160125e-02	0.138348898
70	+1.250000000e+00	+0.000000000e+00	+1.301448733e-02	0.140352505
71	+1.250000000e+00	+0.000000000e+00	+1.350737341e-02	0.142356112
72	+1.250000000e+00	+0.000000000e+00	+1.400025948e-02	0.144359719
73	+1.250000000e+00	+0.000000000e+00	+1.449314556e-02	0.146363327
74	+1.250000000e+00	+0.000000000e+00	+1.498603163e-02	0.148366934
75	+1.250000000e+00	+0.000000000e+00	+1.547891771e-02	0.150370541
76	+1.250000000e+00	+0.000000000e+00	+1.597180379e-02	0.152374148
77	+1.250000000e+00	+0.000000000e+00	+1.646468986e-02	0.154377756
78	+1.250000000e+00	+0.000000000e+00	+1.695757594e-02	0.156381363
79	+1.250000000e+00	+0.000000000e+00	+1.745046201e-02	0.158384970
80	+1.250000000e+00	+0.000000000e+00	+1.794334809e-02	0.160388577
81	+1.250000000e+00	+0.000000000e+00	+1.843623417e-02	0.162392184
82	+1.250000000e+00	+0.000000000e+00	+1.892912024e-02	0.164395792
83	+1.250000000e+00	+0.000000000e+00	+1.942200632e-02	0.166399399
84	+1.250000000e+00	+0.000000000e+00	+1.991489240e-02	0.168403006
85	+1.250000000e+00	+0.000000000e+00	+2.040777847e-02	0.170406613
86	+1.250000000e+00	+0.000000000e+00	+2.090066455e-02	0.172410220
87	+1.250000000e+00	+0.000000000e+00	+2.139355062e-02	0.174413828
88	+1.250000000e+00	+0.000000000e+00	+2.188643670e-02	0.176417435
89	+1.250000000e+00	+0.000000000e+00	+2.237932278e-02	0.178421042
90	+1.250000000e+00	+0.000000000e+00	+2.287220885e-02	0.180424649
91	+1.250000000e+00	+0.000000000e+00	+2.336509493e-02	0.182428257
92	+1.250000000e+00	+0.000000000e+00	+2.385798101e-02	0.184431864
93	+1.250000000e+00	+0.000000000e+00	+2.435086708e-02	0.186435471
94	+1.250000000e+00	+0.000000000e+00	+2.484375316e-02	0.188439078
95	+1.250000000e+00	+0.000000000e+00	+2.533663923e-02	0.190442685
96	+1.250000000e+00	+0.000000000e+00	+2.582952531e-02	0.192446293
97	+1.250000000e+00	+0.000000000e+00	+2.632241139e-02	0.194449900
98	+1.250000000e+00	+0.000000000e+00	+2.681529746e-02	0.196453507
99	+1.250000000e+00	+0.000000000e+00	+2.730818354e-02	0.198457114
100	+1.250000000e+00	+0.000000000e+00	+2.780106961e-02	0.200460721
101	+1.250000000e+00	+0.000000000e+00	+2.829395569e-02	0.202464329
102	+1.250000000e+00	+0.000000000e+00	+2.878684177e-02	0.204467936
103	+1.250000000e+00	+0.000000000e+00	+2.927972784e-02	0.206471543
104	+1.250000000e+00	+0.000000000e+00	+2.977261392e-02	0.208475150
105	+1.250000000e+00	+0.000000000e+00	+3.026550000e-02	0.210478758
106	+1.250000000e+00	+0.000000000e+00	+3.075838607e-02	0.212482365
107	+1.250000000e+00	+0.000000000e+00	+3.125127215e-02	0.214485972
108	+1.250000000e+00	+0.000000000e+00	+3.174415822e-02	0.216489579
109	+1.250000000e+00	+0.000000000e+00	+3.223704430e-02	0.218493186
110	+1.250000000e+00	+0.000000000e+00	+3.272993038e-02	0.220496794
111	+1.250000000e+00	+0.000000000e+00	+3.322281645e-02	0.222500401
112	+1.250000000e+00	+0.000000000e+00	+3.371570253e-02	0.224504008
113	+1.250000000e+00	+0.000000000e+00	+3.420858860e-02	0.226507615
114	+1.250000000e+00	+0.000000000e+00	+3.470147468e-02	0.228511222
115	+1.250000000e+00	+0.000000000e+00	+3.519436076e-02	0.230514830
116	+1.250000000e+00	+0.000000000e+00	+3.568724683e-02	0.232518437
117	+1.250000000e+00	+0.000000000e+00	+3.618013291e-02	0.234522044
118	+1.250000000e+00	+0.000000000e+00	+3.667301899e-02	0.236525651
119	+1.250000000e+00	+0.000000000e+00	+3.716590506e-02	0.238529259
120	+1.250000000e+00	+0.000000000e+00	+3.765879114e-02	0.240532866
121	+1.250000000e+00	+0.000000000e+00	+3.815167721e-02	0.242536473
122	+1.250000000e+00	+0.000000000e+00	+3.864456329e-02	0.244540080
123	+1.250000000e+00	+0.000000000e+00	+3.913744937e-02	0.246543687
124	+1.250000000e+00	+0.000000000e+00	+3.963033544e-02	0.248547295
125	+1.250000060e+00	+0.000000000e+00	+4.018048111e-02	0.250550902
126	+1.250001501e+00	+0.000000000e+00	+4.090480433e-02	0.252554509
127	+1.250004850e+00	+0.000000000e+00	+4.163293948e-02	0.254558116
128	+1.250010092e+00	+0.000000000e+00	+4.236485182e-02	0.256561723
129	+1.250017212e+00	+0.000000000e+00	+4.310050657e-02	0.258565331
130	+1.250026193e+00	+0.000000000e+00	+4.383986896e-02	0.260568938
131	+1.250037022e+00	+0.000000000e+00	+4.458290422e-02	0.262572545
132	+1.250049681e+00	+0.000000000e+00	+4.532957758e-02	0.264576152
133	+1.250064156e+00	+0.000000000e+00	+4.607985429e-02	0.266579760
134	+1.250080431e+00	+0.000000000e+00	+4.683369956e-02	0.268583367
135	+1.250098491e+00	+0.000000000e+00	+4.759107863e-02	0.270586974
136	+1.250118321e+00	+0.000000000e+00	+4.835195673e-02	0.272590581
137	+1.250139904e+00	+0.000000000e+00	+4.911629910e-02	0.274594188
138	+1.250163225e+00	+0.000000000e+00	+4.988407097e-02	0.276597796
139	+1.250188270e+00	+0.000000000e+00	+5.065523756e-02	0.278601403
140	+1.250215022e+00	+0.000000000e+00	+5.142976411e-02	0.280605010
141	+1.250243466e+00	+0.000000000e+00	+5.220761585e-02	0.282608617
142	+1.250273587e+00	+0.000000000e+00	+5.298875802e-02	0.284612224
143	+1.250305368e+00	+0.000000000e+00	+5.377315584e-02	0.286615832
144	+1.250338796e+00	+0.000000000e+00	+5.456077454e-02	0.288619439
145	+1.250373854e+00	+0.000000000e+00	+5.535157937e-02	0.290623046
146	+1.250410526e+00	+0.000000000e+00	+5.614553555e-02	0.292626653
147	+1.250448798e+00	+0.000000000e+00	+5.694260830e-02	0.294630261
148	+1.250488654e+00	+0.000000000e+00	+5.774276288e-02	0.296633868
149	+1.250530078e+00	+0.000000000e+00	+5.854596449e-02	0.298637475
150	+1.250573055e+00	+0.000000000e+00	+5.935217839e-02	0.300641082
151	+1.250617570e+00	+0.000000000e+00	+6.016136979e-02	0.302644689
152	+1.250663607e+00	+0.000000000e+00	+6.097350394e-02	0.304648297
153	+1.250711150e+00	+0.000000000e+00	+6.178854606e-02	0.306651904
154	+1.250760185e+00	+0.000000000e+00	+6.260646138e-02	0.308655511
155	+1.250810695e+00	+0.000000000e+00	+6.342721514e-02	0.310659118
156	+1.250862666e+00	+0.000000000e+00	+6.425077257e-02	0.312662725
157	+1.250916081e+00	+0.000000000e+00	+6.507709890e-02	0.314666333
158	+1.250970926e+00	+0.000000000e+00	+6.590615936e-02	0.316669940
159	+1.251027184e+00	+0.000000000e+00	+6.673791918e-02	0.318673547
160	+1.251084841e+00	+0.000000000e+00	+6.757234360e-02	0.320677154
161	+1.251143882e+00	+0.000000000e+00	+6.840939785e-02	0.322680762
162	+1.251204289e+00	+0.000000000e+00	+6.924904716e-02	0.324684369
163	+1.251266049e+00	+0.000000000e+00	+7.009125676e-02	0.326687976
164	+1.251329145e+00	+0.000000000e+00	+7.093599188e-02	0.328691583
165	+1.251393563e+00	+0.000000000e+00	+7.178321775e-02	0.330695190
166	+1.251459286e+00	+0.000000000e+00	+7.263289961e-02	0.332698798
167	+1.251526300e+00	+0.000000000e+00	+7.348500269e-02	0.334702405
168	+1.251594588e+00	+0.000000000e+00	+7.433949222e-02	0.336706012
169	+1.251664136e+00	+0.000000000e+00	+7.519633344e-02	0.338709619
170	+1.251734928e+00	+0.000000000e+00	+7.605549156e-02	0.340713226
171	+1.251806948e+00	+0.000000000e+00	+7.691693183e-02	0.342716834
172	+1.251880181e+00	+0.000000000e+00	+7.778061948e-02	0.344720441
173	+1.251954612e+00	+0.000000000e+00	+7.864651974e-02	0.346724048
174	+1.252030225e+00	+0.000000000e+00	+7.951459784e-02	0.348727655
175	+1.252107005e+00	+0.000000000e+00	+8.038481901e-02	0.350731263
176	+1.252184935e+00	+0.000000000e+00	+8.125714849e-02	0.352734870
177	+1.252264002e+00	+0.000000000e+00	+8.213155150e-02	0.354738477
178	+1.252344189e+00	+0.000000000e+00	+8.300799328e-02	0.356742084
179	+1.252425481e+00	+0.000000000e+00	+8.388643906e-02	0.358745691
180	+1.252507862e+00	+0.000000000e+00	+8.476685407e-02	0.360749299
181	+1.252591317e+00	+0.000000000e+00	+8.564920355e-02	0.362752906
182	+1.252675830e+00	+0.000000000e+00	+8.653345272e-02	0.364756513
183	+1.252761387e+00	+0.000000000e+00	+8.741956682e-02	0.366760120
184	+1.252847971e+00	+0.000000000e+00	+8.830751107e-02	0.368763727
185	+1.252935568e+00	+0.000000000e+00	+8.919725072e-02	0.370767335
186	+1.253024161e+00	+0.000000000e+00	+9.008875099e-02	0.372770942
187	+1.253113735e+00	+0.000000000e+00	+9.098197712e-02	0.374774549
188	+1.253204275e+00	+0.000000000e+00	+9.187689433e-02	0.376778156
189	+1.253295765e+00	+0.000000000e+00	+9.277346786e-02	0.378781764
190	+1.253388191e+00	+0.000000000e+00	+9.367166294e-02	0.380785371
191	+1.253481535e+00	+0.000000000e+00	+9.457144480e-02	0.382788978
192	+1.253575784e+00	+0.000000000e+00	+9.547277867e-02	0.384792585
193	+1.253670921e+00	+0.000000000e+00	+9.637562979e-02	0.386796192
194	+1.253766932e+00	+0.000000000e+00	+9.727996339e-02	0.388799800
195	+1.253863800e+00	+0.000000000e+00	+9.818574469e-02	0.390803407
196	+1.253961510e+00	+0.000000000e+00	+9.909293894e-02	0.392807014
197	+1.254060046e+00	+0.000000000e+00	+1.000015114e-01	0.394810621
198	+1.254159394e+00	+0.000000000e+00	+1.009114272e-01	0.396814228
199	+1.254259538e+00	+0.000000000e+00	+1.018226516e-01	0.398817836
200	+1.254360462e+00	+0.000000000e+00	+1.027351500e-01	0.400821443
201	+1.254462151e+00	+0.000000000e+00	+1.036488874e-01	0.402825050
202	+1.254564590e+00	+0.000000000e+00	+1.045638292e-01	0.404828657
203	+1.254667762e+00	+0.000000000e+00	+1.054799405e-01	0.406832265
204	+1.254771653e+00	+0.000000000e+00	+1.063971866e-01	0.408835872
205	+1.254876248e+00	+0.000000000e+00	+1.073155327e-01	0.410839479
206	+1.254981529e+00	+0.000000000e+00	+1.082349441e-01	0.412843086
207	+1.255087483e+00	+0.000000000e+00	+1.091553860e-01	0.414846693
208	+1.255194094e+00	+0.000000000e+00	+1.100768237e-01	0.416850301
209	+1.255301346e+00	+0.000000000e+00	+1.109992222e-01	0.418853908
210	+1.255409224e+00	+0.000000000e+00	+1.119225470e-01	0.420857515
211	+1.255517712e+00	+0.000000000e+00	+1.128467632e-01	0.422861122
212	+1.255626795e+00	+0.000000000e+00	+1.137718360e-01	0.424864729
213	+1.255736458e+00	+0.000000000e+00	+1.146977307e-01	0.426868337
214	+1.255846684e+00	+0.000000000e+00	+1.156244125e-01	0.428871944
215	+1.255957460e+00	+0.000000000e+00	+1.165518467e-01	0.430875551
216	+1.256068768e+00	+0.000000000e+00	+1.174799984e-01	0.432879158
217	+1.256180594e+00	+0.000000000e+00	+1.184088329e-01	0.434882766
218	+1.256292922e+00	+0.000000000e+00	+1.193383155e-01	0.436886373
219	+1.256405737e+00	+0.000000000e+00	+1.202684114e-01	0.438889980
220	+1.256519023e+00	+0.000000000e+00	+1.211990858e-01	0.440893587
221	+1.256632765e+00	+0.000000000e+00	+1.221303039e-01	0.442897194
222	+1.256746947e+00	+0.000000000e+00	+1.230620309e-01	0.444900802
223	+1.256861555e+00	+0.000000000e+00	+1.239942322e-01	0.446904409
224	+1.256976572e+00	+0.000000000e+00	+1.249268729e-01	0.448908016
225	+1.257091983e+00	+0.000000000e+00	+1.258599183e-01	0.450911623
226	+1.257207772e+00	+0.000000000e+00	+1.267933335e-01	0.452915230
227	+1.257323925e+00	+0.000000000e+00	+1.277270839e-01	0.454918838
228	+1.257440425e+00	+0.000000000e+00	+1.286611347e-01	0.456922445
229	+1.257557258e+00	+0.000000000e+00	+1.295954510e-01	0.458926052
230	+1.257674407e+00	+0.000000000e+00	+1.305299981e-01	0.460929659
231	+1.257791858e+00	+0.000000000e+00	+1.314647414e-01	0.462933267
232	+1.257909594e+00	+0.000000000e+00	+1.323996458e-01	0.464936874
233	+1.258027601e+00	+0.000000000e+00	+1.333346769e-01	0.466940481
234	+1.258145863e+00	+0.000000000e+00	+1.342697996e-01	0.468944088
235	+1.258264365e+00	+0.000000000e+00	+1.352049794e-01	0.470947695
236	+1.258383090e+00	+0.000000000e+00	+1.361401813e-01	0.472951303
237	+1.258502024e+00	+0.000000000e+00	+1.370753707e-01	0.474954910
238	+1.258621151e+00	+0.000000000e+00	+1.380105128e-01	0.476958517
239	+1.258740456e+00	+0.000000000e+00	+1.389455728e-01	0.478962124
240	+1.258859924e+00	+0.000000000e+00	+1.398805159e-01	0.480965731
241	+1.258979538e+00	+0.000000000e+00	+1.408153074e-01	0.482969339
242	+1.259099283e+00	+0.000000000e+00	+1.417499125e-01	0.484972946
243	+1.259219144e+00	+0.000000000e+00	+1.426842965e-01	0.486976553
244	+1.259339106e+00	+0.000000000e+00	+1.436184245e-01	0.488980160
245	+1.259459153e+00	+0.000000000e+00	+1.445522618e-01	0.490983768
246	+1.259579269e+00	+0.000000000e+00	+1.454857736e-01	0.492987375
247	+1.259699439e+00	+0.000000000e+00	+1.464189252e-01	0.494990982
248	+1.259819648e+00	+0.000000000e+00	+1.473516818e-01	0.496994589
249	+1.259939880e+00	+0.000000000e+00	+1.482840086e-01	0.498998196
250	+1.260060120e+00	+0.000000000e+00	+1.492158709e-01	0.501001804
251	+1.260180352e+00	+0.000000000e+00	+1.501472339e-01	0.503005411
252	+1.260300561e+00	+0.000000000e+00	+1.510780628e-01	0.505009018
253	+1.260420731e+00	+0.000000000e+00	+1.520083228e-01	0.507012625
254	+1.260540847e+00	+0.000000000e+00	+1.529379792e-01	0.509016232
255	+1.260660894e+00	+0.000000000e+00	+1.538669973e-01	0.511019840
256	+1.260780856e+00	+0.000000000e+00	+1.547953422e-01	0.513023447
257	+1.260900717e+00	+0.000000000e+00	+1.557229792e-01	0.515027054
258	+1.261020462e+00	+0.000000000e+00	+1.566498734e-01	0.517030661
259	+1.261140076e+00	+0.000000000e+00	+1.575759903e-01	0.519034269
260	+1.261259544e+00	+0.000000000e+00	+1.585012949e-01	0.521037876
261	+1.261378849e+00	+0.000000000e+00	+1.594257525e-01	0.523041483
262	+1.261497976e+00	+0.000000000e+00	+1.603493284e-01	0.525045090
263	+1.261616910e+00	+0.000000000e+00	+1.612719877e-01	0.527048697
264	+1.261735635e+00	+0.000000000e+00	+1.621936957e-01	0.529052305
265	+1.261854137e+00	+0.000000000e+00	+1.631144177e-01	0.531055912
266	+1.261972399e+00	+0.000000000e+00	+1.640341188e-01	0.533059519
267	+1.262090406e+00	+0.000000000e+00	+1.649527644e-01	0.535063126
268	+1.262208142e+00	+0.000000000e+00	+1.658703196e-01	0.537066733
269	+1.262325593e+00	+0.000000000e+00	+1.667867496e-01	0.539070341
270	+1.262442742e+00	+0.000000000e+00	+1.677020197e-01	0.541073948
271	+1.262559575e+00	+0.000000000e+00	+1.686160952e-01	0.543077555
272	+1.262676075e+00	+0.000000000e+00	+1.695289412e-01	0.545081162
273	+1.262792228e+00	+0.000000000e+00	+1.704405230e-01	0.547084770
274	+1.262908017e+00	+0.000000000e+00	+1.713508058e-01	0.549088377
275	+1.263023428e+00	+0.000000000e+00	+1.722597549e-01	0.551091984
276	+1.263138445e+00	+0.000000000e+00	+1.731673354e-01	0.553095591
277	+1.263253053e+00	+0.000000000e+00	+1.740735127e-01	0.555099198
278	+1.263367235e+00	+0.000000000e+00	+1.749782519e-01	0.557102806
279	+1.263480977e+00	+0.000000000e+00	+1.758815183e-01	0.559106413
280	+1.263594263e+00	+0.000000000e+00	+1.767832771e-01	0.561110020
281	+1.263707078e+00	+0.000000000e+00	+1.776834936e-01	0.563113627
282	+1.263819406e+00	+0.000000000e+00	+1.785821330e-01	0.565117234
283	+1.263931232e+00	+0.000000000e+00	+1.794791604e-01	0.567120842
284	+1.264042540e+00	+0.000000000e+00	+1.803745412e-01	0.569124449
285	+1.264153316e+00	+0.000000000e+00	+1.812682405e-01	0.571128056
286	+1.264263542e+00	+0.000000000e+00	+1.821602237e-01	0.573131663
287	+1.264373205e+00	+0.000000000e+00	+1.830504559e-01	0.575135271
288	+1.264482288e+00	+0.000000000e+00	+1.839389024e-01	0.577138878
289	+1.264590776e+00	+0.000000000e+00	+1.848255283e-01	0.579142485
290	+1.264698654e+00	+0.000000000e+00	+1.857102990e-01	0.581146092
291	+1.264805906e+00	+0.000000000e+00	+1.865931797e-01	0.583149699
292	+1.264912517e+00	+0.000000000e+00	+1.874741355e-01	0.585153307
293	+1.265018471e+00	+0.000000000e+00	+1.883531318e-01	0.587156914
294	+1.265123752e+00	+0.000000000e+00	+1.892301337e-01	0.589160521
295	+1.265228347e+00	+0.000000000e+00	+1.901051066e-01	0.591164128
296	+1.265332238e+00	+0.000000000e+00	+1.909780155e-01	0.593167735
297	+1.265435410e+00	+0.000000000e+00	+1.918488258e-01	0.595171343
298	+1.265537849e+00	+0.000000000e+00	+1.927175027e-01	0.597174950
299	+1.265639538e+00	+0.000000000e+00	+1.935840114e-01	0.599178557
300	+1.265740462e+00	+0.000000000e+00	+1.944483171e-01	0.601182164
301	+1.265840606e+00	+0.000000000e+00	+1.953103852e-01	0.603185772
302	+1.265939954e+00	+0.000000000e+00	+1.961701807e-01	0.605189379
303	+1.266038490e+00	+0.000000000e+00	+1.970276690e-01	0.607192986
304	+1.266136200e+00	+0.000000000e+00	+1.978828153e-01	0.609196593
305	+1.266233068e+00	+0.000000000e+00	+1.987355847e-01	0.611200200
306	+1.266329079e+00	+0.000000000e+00	+1.995859427e-01	0.613203808
307	+1.266424216e+00	+0.000000000e+00	+2.004338542e-01	0.615207415
308	+1.266518465e+00	+0.000000000e+00	+2.012792847e-01	0.617211022
309	+1.266611809e+00	+0.000000000e+00	+2.021221993e-01	0.619214629
310	+1.266704235e+00	+0.000000000e+00	+2.029625633e-01	0.621218236
311	+1.266795725e+00	+0.000000000e+00	+2.038003419e-01	0.623221844
312	+1.266886265e+00	+0.000000000e+00	+2.046355003e-01	0.625225451
313	+1.266975839e+00	+0.000000000e+00	+2.054680038e-01	0.627229058
314	+1.267064432e+00	+0.000000000e+00	+2.062978176e-01	0.629232665
315	+1.267152029e+00	+0.000000000e+00	+2.071249069e-01	0.631236273
316	+1.267238613e+00	+0.000000000e+00	+2.079492369e-01	0.633239880
317	+1.267324170e+00	+0.000000000e+00	+2.087707730e-01	0.635243487
318	+1.267408683e+00	+0.000000000e+00	+2.095894802e-01	0.637247094
319	+1.267492138e+00	+0.000000000e+00	+2.104053240e-01	0.639250701
320	+1.267574519e+00	+0.000000000e+00	+2.112182694e-01	0.641254309
321	+1.267655811e+00	+0.000000000e+00	+2.120282817e-01	0.643257916
322	+1.267735998e+00	+0.000000000e+00	+2.128353261e-01	0.645261523
323	+1.267815065e+00	+0.000000000e+00	+2.136393680e-01	0.647265130
324	+1.267892995e+00	+0.000000000e+00	+2.144403725e-01	0.649268737
325	+1.267969775e+00	+0.000000000e+00	+2.152383048e-01	0.651272345
326	+1.268045388e+00	+0.000000000e+00	+2.160331301e-01	0.653275952
327	+1.268119819e+00	+0.000000000e+00	+2.168248138e-01	0.655279559
328	+1.268193052e+00	+0.000000000e+00	+2.176133211e-01	0.657283166
329	+1.268265072e+00	+0.000000000e+00	+2.183986171e-01	0.659286774
330	+1.268335864e+00	+0.000000000e+00	+2.191806671e-01	0.661290381
331	+1.268405412e+00	+0.000000000e+00	+2.199594363e-01	0.663293988
332	+1.268473700e+00	+0.000000000e+00	+2.207348900e-01	0.665297595
333	+1.268540714e+00	+0.000000000e+00	+2.215069934e-01	0.667301202
334	+1.268606437e+00	+0.000000000e+00	+2.222757117e-01	0.669304810
335	+1.268670855e+00	+0.000000000e+00	+2.230410102e-01	0.671308417
336	+1.268733951e+00	+0.000000000e+00	+2.238028541e-01	0.673312024
337	+1.268795711e+00	+0.000000000e+00	+2.245612086e-01	0.675315631
338	+1.268856118e+00	+0.000000000e+00	+2.253160390e-01	0.677319238
339	+1.268915159e+00	+0.000000000e+00	+2.260673105e-01	0.679322846
340	+1.268972816e+00	+0.000000000e+00	+2.268149882e-01	0.681326453
341	+1.269029074e+00	+0.000000000e+00	+2.275590376e-01	0.683330060
342	+1.269083919e+00	+0.000000000e+00	+2.282994237e-01	0.685333667
343	+1.269137334e+00	+0.000000000e+00	+2.290361118e-01	0.687337275
344	+1.269189305e+00	+0.000000000e+00	+2.297690672e-01	0.689340882
345	+1.269239815e+00	+0.000000000e+00	+2.304982551e-01	0.691344489
346	+1.269288850e+00	+0.000000000e+00	+2.312236406e-01	0.693348096
347	+1.269336393e+00	+0.000000000e+00	+2.319451892e-01	0.695351703
348	+1.269382430e+00	+0.000000000e+00	+2.326628659e-01	0.697355311
349	+1.269426945e+00	+0.000000000e+00	+2.333766360e-01	0.699358918
350	+1.269469922e+00	+0.000000000e+00	+2.340864647e-01	0.701362525
351	+1.269511346e+00	+0.000000000e+00	+2.347923173e-01	0.703366132
352	+1.269551202e+00	+0.000000000e+00	+2.354941590e-01	0.705369739
353	+1.269589474e+00	+0.000000000e+00	+2.361919551e-01	0.707373347
354	+1.269626146e+00	+0.000000000e+00	+2.368856707e-01	0.709376954
355	+1.269661204e+00	+0.000000000e+00	+2.375752711e-01	0.711380561
356	+1.269694632e+00	+0.000000000e+00	+2.382607215e-01	0.713384168
357	+1.269726413e+00	+0.000000000e+00	+2.389419872e-01	0.715387776
358	+1.269756534e+00	+0.000000000e+00	+2.396190334e-01	0.717391383
359	+1.269784978e+00	+0.000000000e+00	+2.402918254e-01	0.719394990
360	+1.269811730e+00	+0.000000000e+00	+2.409603282e-01	0.721398597
361	+1.269836775e+00	+0.000000000e+00	+2.416245073e-01	0.723402204
362	+1.269860096e+00	+0.000000000e+00	+2.422843278e-01	0.725405812
363	+1.269881679e+00	+0.000000000e+00	+2.429397549e-01	0.727409419
364	+1.269901509e+00	+0.000000000e+00	+2.435907540e-01	0.729413026
365	+1.269919569e+00	+0.000000000e+00	+2.442372901e-01	0.731416633
366	+1.269935844e+00	+0.000000000e+00	+2.448793286e-01	0.733420240
367	+1.269950319e+00	+0.000000000e+00	+2.455168347e-01	0.735423848
368	+1.269962978e+00	+0.000000000e+00	+2.461497736e-01	0.737427455
369	+1.269973807e+00	+0.000000000e+00	+2.467781105e-01	0.739431062
370	+1.269982788e+00	+0.000000000e+00	+2.474018107e-01	0.741434669
371	+1.269989908e+00	+0.000000000e+00	+2.480208394e-01	0.743438277
372	+1.269995150e+00	+0.000000000e+00	+2.486351618e-01	0.745441884
373	+1.269998499e+00	+0.000000000e+00	+2.492447433e-01	0.747445491
374	+1.269999940e+00	+0.000000000e+00	+2.498495489e-01	0.749449098
375	+1.270000000e+00	+0.000000000e+00	+2.503696646e-01	0.751452705
376	+1.270000000e+00	+0.000000000e+00	+2.508625506e-01	0.753456313
377	+1.270000000e+00	+0.000000000e+00	+2.513554367e-01	0.755459920
378	+1.270000000e+00	+0.000000000e+00	+2.518483228e-01	0.757463527
379	+1.270000000e+00	+0.000000000e+00	+2.523412089e-01	0.759467134
380	+1.270000000e+00	+0.000000000e+00	+2.528340949e-01	0.761470741
381	+1.270000000e+00	+0.000000000e+00	+2.533269810e-01	0.763474349
382	+1.270000000e+00	+0.000000000e+00	+2.538198671e-01	0.765477956
383	+1.270000000e+00	+0.000000000e+00	+2.543127532e-01	0.767481563
384	+1.270000000e+00	+0.000000000e+00	+2.548056392e-01	0.769485170
385	+1.270000000e+00	+0.000000000e+00	+2.552985253e-01	0.771488778
386	+1.270000000e+00	+0.000000000e+00	+2.557914114e-01	0.773492385
387	+1.270000000e+00	+0.000000000e+00	+2.562842975e-01	0.775495992
388	+1.270000000e+00	+0.000000000e+00	+2.567771835e-01	0.777499599
389	+1.270000000e+00	+0.000000000e+00	+2.572700696e-01	0.779503206
390	+1.270000000e+00	+0.000000000e+00	+2.577629557e-01	0.781506814
391	+1.270000000e+00	+0.000000000e+00	+2.582558418e-01	0.783510421
392	+1.270000000e+00	+0.000000000e+00	+2.587487279e-01	0.785514028
393	+1.270000000e+00	+0.000000000e+00	+2.592416139e-01	0.787517635
394	+1.270000000e+00	+0.000000000e+00	+2.597345000e-01	0.789521242
395	+1.270000000e+00	+0.000000000e+00	+2.602273861e-01	0.791524850
396	+1.270000000e+00	+0.000000000e+00	+2.607202722e-01	0.793528457
397	+1.270000000e+00	+0.000000000e+00	+2.612131582e-01	0.795532064
398	+1.270000000e+00	+0.000000000e+00	+2.617060443e-01	0.797535671
399	+1.270000000e+00	+0.000000000e+00	+2.621989304e-01	0.799539279
400	+1.270000000e+00	+0.000000000e+00	+2.626918165e-01	0.801542886
401	+1.270000000e+00	+0.000000000e+00	+2.631847025e-01	0.803546493
402	+1.270000000e+00	+0.000000000e+00	+2.636775886e-01	0.805550100
403	+1.270000000e+00	+0.000000000e+00	+2.641704747e-01	0.807553707
404	+1.270000000e+00	+0.000000000e+00	+2.646633608e-01	0.809557315
405	+1.270000000e+00	+0.000000000e+00	+2.651562468e-01	0.811560922
406	+1.270000000e+00	+0.000000000e+00	+2.656491329e-01	0.813564529
407	+1.270000000e+00	+0.000000000e+00	+2.661420190e-01	0.815568136
408	+1.270000000e+00	+0.000000000e+00	+2.666349051e-01	0.817571743
409	+1.270000000e+00	+0.000000000e+00	+2.671277911e-01	0.819575351
410	+1.270000000e+00	+0.000000000e+00	+2.676206772e-01	0.821578958
411	+1.270000000e+00	+0.000000000e+00	+2.681135633e-01	0.823582565
412	+1.270000000e+00	+0.000000000e+00	+2.686064494e-01	0.825586172
413	+1.270000000e+00	+0.000000000e+00	+2.690993355e-01	0.827589780
414	+1.270000000e+00	+0.000000000e+00	+2.695922215e-01	0.829593387
415	+1.270000000e+00	+0.000000000e+00	+2.700851076e-01	0.831596994
416	+1.270000000e+00	+0.000000000e+00	+2.705779937e-01	0.833600601
417	+1.270000000e+00	+0.000000000e+00	+2.710708798e-01	0.835604208
418	+1.270000000e+00	+0.000000000e+00	+2.715637658e-01	0.837607816
419	+1.270000000e+00	+0.000000000e+00	+2.720566519e-01	0.839611423
420	+1.270000000e+00	+0.000000000e+00	+2.725495380e-01	0.841615030
421	+1.270000000e+00	+0.000000000e+00	+2.730424241e-01	0.843618637
422	+1.270000000e+00	+0.000000000e+00	+2.735353101e-01	0.845622244
423	+1.270000000e+00	+0.000000000e+00	+2.740281962e-01	0.847625852
424	+1.270000000e+00	+0.000000000e+00	+2.745210823e-01	0.849629459
425	+1.270000000e+00	+0.000000000e+00	+2.750139684e-01	0.851633066
426	+1.270000000e+00	+0.000000000e+00	+2.755068544e-01	0.853636673
427	+1.270000000e+00	+0.000000000e+00	+2.759997405e-01	0.855640281
428	+1.270000000e+00	+0.000000000e+00	+2.764926266e-01	0.857643888
429	+1.270000000e+00	+0.000000000e+00	+2.769855127e-01	0.859647495
430	+1.270000000e+00	+0.000000000e+00	+2.774783987e-01	0.861651102
431	+1.270000000e+00	+0.000000000e+00	+2.779712848e-01	0.863654709
432	+1.270000000e+00	+0.000000000e+00	+2.784641709e-01	0.865658317
433	+1.270000000e+00	+0.000000000e+00	+2.789570570e-01	0.867661924
434	+1.270000000e+00	+0.000000000e+00	+2.794499431e-01	0.869665531
435	+1.270000000e+00	+0.000000000e+00	+2.799428291e-01	0.871669138
436	+1.270000000e+00	+0.000000000e+00	+2.804357152e-01	0.873672745
437	+1.270000000e+00	+0.000000000e+00	+2.809286013e-01	0.875676353
438	+1.270000000e+00	+0.000000000e+00	+2.814214874e-01	0.877679960
439	+1.270000000e+00	+0.000000000e+00	+2.819143734e-01	0.879683567
440	+1.270000000e+00	+0.000000000e+00	+2.824072595e-01	0.881687174
441	+1.270000000e+00	+0.000000000e+00	+2.829001456e-01	0.883690782
442	+1.270000000e+00	+0.000000000e+00	+2.833930317e-01	0.885694389
443	+1.270000000e+00	+0.000000000e+00	+2.838859177e-01	0.887697996
444	+1.270000000e+00	+0.000000000e+00	+2.843788038e-01	0.889701603
445	+1.270000000e+00	+0.000000000e+00	+2.848716899e-01	0.891705210
446	+1.270000000e+00	+0.000000000e+00	+2.853645760e-01	0.893708818
447	+1.270000000e+00	+0.000000000e+00	+2.858574620e-01	0.895712425
448	+1.270000000e+00	+0.000000000e+00	+2.863503481e-01	0.897716032
449	+1.270000000e+00	+0.000000000e+00	+2.868432342e-01	0.899719639
450	+1.270000000e+00	+0.000000000e+00	+2.873361203e-01	0.901723246
451	+1.270000000e+00	+0.000000000e+00	+2.878290063e-01	0.903726854
452	+1.270000000e+00	+0.000000000e+00	+2.883218924e-01	0.905730461
453	+1.270000000e+00	+0.000000000e+00	+2.888147785e-01	0.907734068
454	+1.270000000e+00	+0.000000000e+00	+2.893076646e-01	0.909737675
455	+1.270000000e+00	+0.000000000e+00	+2.898005507e-01	0.911741283
456	+1.270000000e+00	+0.000000000e+00	+2.902934367e-01	0.913744890
457	+1.270000000e+00	+0.000000000e+00	+2.907863228e-01	0.915748497
458	+1.270000000e+00	+0.000000000e+00	+2.912792089e-01	0.917752104
459	+1.270000000e+00	+0.000000000e+00	+2.917720950e-01	0.919755711
460	+1.270000000e+00	+0.000000000e+00	+2.922649810e-01	0.921759319
461	+1.270000000e+00	+0.000000000e+00	+2.927578671e-01	0.923762926
462	+1.270000000e+00	+0.000000000e+00	+2.932507532e-01	0.925766533
463	+1.270000000e+00	+0.000000000e+00	+2.937436393e-01	0.927770140
464	+1.270000000e+00	+0.000000000e+00	+2.942365253e-01	0.929773747
465	+1.270000000e+00	+0.000000000e+00	+2.947294114e-01	0.931777355
466	+1.270000000e+00	+0.000000000e+00	+2.952222975e-01	0.933780962
467	+1.270000000e+00	+0.000000000e+00	+2.957151836e-01	0.935784569
468	+1.270000000e+00	+0.000000000e+00	+2.962080696e-01	0.937788176
469	+1.270000000e+00	+0.000000000e+00	+2.967009557e-01	0.939791784
470	+1.270000000e+00	+0.000000000e+00	+2.971938418e-01	0.941795391
471	+1.270000000e+00	+0.000000000e+00	+2.976867279e-01	0.943798998
472	+1.270000000e+00	+0.000000000e+00	+2.981796139e-01	0.945802605
473	+1.270000000e+00	+0.000000000e+00	+2.986725000e-01	0.947806212
474	+1.270000000e+00	+0.000000000e+00	+2.991653861e-01	0.949809820
475	+1.270000000e+00	+0.000000000e+00	+2.996582722e-01	0.951813427
476	+1.270000000e+00	+0.000000000e+00	+3.001511583e-01	0.953817034
477	+1.270000000e+00	+0.000000000e+00	+3.006440443e-01	0.955820641
478	+1.270000000e+00	+0.000000000e+00	+3.011369304e-01	0.957824248
479	+1.270000000e+00	+0.000000000e+00	+3.016298165e-01	0.959827856
480	+1.270000000e+00	+0.000000000e+00	+3.021227026e-01	0.961831463
481	+1.270000000e+00	+0.000000000e+00	+3.026155886e-01	0.963835070
482	+1.270000000e+00	+0.000000000e+00	+3.031084747e-01	0.965838677
483	+1.270000000e+00	+0.000000000e+00	+3.036013608e-01	0.967842285
484	+1.270000000e+00	+0.000000000e+00	+3.040942469e-01	0.969845892
485	+1.270000000e+00	+0.000000000e+00	+3.045871329e-01	0.971849499
486	+1.270000000e+00	+0.000000000e+00	+3.050800190e-01	0.973853106
487	+1.270000000e+00	+0.000000000e+00	+3.055729051e-01	0.975856713
488	+1.270000000e+00	+0.000000000e+00	+3.060657912e-01	0.977860321
489	+1.270000000e+00	+0.000000000e+00	+3.065586772e-01	0.979863928
490	+1.270000000e+00	+0.000000000e+00	+3.070515633e-01	0.981867535
491	+1.270000000e+00	+0.000000000e+00	+3.075444494e-01	0.983871142
492	+1.270000000e+00	+0.000000000e+00	+3.080373355e-01	0.985874749
493	+1.270000000e+00	+0.000000000e+00	+3.085302215e-01	0.987878357
494	+1.270000000e+00	+0.000000000e+00	+3.090231076e-01	0.989881964
495	+1.270000000e+00	+0.000000000e+00	+3.095159937e-01	0.991885571
496	+1.270000000e+00	+0.000000000e+00	+3.100088798e-01	0.993889178
497	+1.270000000e+00	+0.000000000e+00	+3.105017659e-01	0.995892786
498	+1.270000000e+00	+0.000000000e+00	+3.109946519e-01	0.997896393
499	+1.270000000e+00	+0.000000000e+00	+3.114875380e-01	0.999900000
