"index"	"x_prescribed"	"y_prescribed"	"x_match"	"y_match"	"u"	"v"
3942,	-8.368780000000001e-02,	+2.368120000000000e-02,	-8.363914561053665e-02,	+2.363889095994856e-02,	0.988499918590724,	0.500000000524208
3942,	+8.368780000000001e-02,	+2.368120000000000e-02,	+8.361224455983526e-02,	+2.359711334335763e-02,	0.509618391269526,	0.500000000826636
3941,	-8.362242000000000e-02,	+2.374270000000000e-02,	-8.357673074688224e-02,	+2.370303398502283e-02,	0.988188292062426,	0.499999999706590
3941,	+8.362242000000000e-02,	+2.374270000000000e-02,	+8.355031739317723e-02,	+2.366172320953077e-02,	0.509956429451535,	0.499999969037411
3940,	-8.354779000000000e-02,	+2.381291000000000e-02,	-8.350543956974835e-02,	+2.377568597490057e-02,	0.987852586876666,	0.499999999341429
3940,	+8.354779000000000e-02,	+2.381291000000000e-02,	+8.347957204396164e-02,	+2.373553326401674e-02,	0.510342602927974,	0.500000008777693
3939,	-8.346249000000000e-02,	+2.389315000000000e-02,	-8.342309487554428e-02,	+2.385855532163355e-02,	0.987499398203258,	0.499999999920707
3939,	+8.346249000000000e-02,	+2.389315000000000e-02,	+8.339873558402118e-02,	+2.381987157853232e-02,	0.510783860156957,	0.499999992584586
3938,	-8.336496000000000e-02,	+2.398490000000000e-02,	-8.332894072865303e-02,	+2.395330936402204e-02,	0.987095557026145,	0.500000000046882
3938,	+8.336496000000000e-02,	+2.398490000000000e-02,	+8.330625608249309e-02,	+2.391509935406420e-02,	0.511247089937110,	0.500000000017622
3937,	-8.325349999999999e-02,	+2.408975000000000e-02,	-8.322133886416294e-02,	+2.406159680504947e-02,	0.986634036582808,	0.500000000226264
3937,	+8.325349999999999e-02,	+2.408975000000000e-02,	+8.319920182199379e-02,	+2.402403415436793e-02,	0.511740323891749,	0.499999984785777
3936,	-8.312601000000000e-02,	+2.420968000000000e-02,	-8.309823160559221e-02,	+2.418548843151618e-02,	0.986106011191958,	0.500000000349990
3936,	+8.312601000000000e-02,	+2.420968000000000e-02,	+8.307674904009313e-02,	+2.414863797004768e-02,	0.512304503865452,	0.500000002199468
3935,	-8.298036000000000e-02,	+2.434669000000000e-02,	-8.295689180194005e-02,	+2.432604243577352e-02,	0.985555040895949,	0.499999999073426
3935,	+8.298036000000000e-02,	+2.434669000000000e-02,	+8.293685577125660e-02,	+2.429098863627496e-02,	0.512949037860585,	0.500000009926344
3934,	-8.278294000000000e-02,	+2.453240000000000e-02,	-8.276478866678948e-02,	+2.451642674585650e-02,	0.984827510332734,	0.500000000060668
3934,	+8.278294000000000e-02,	+2.453240000000000e-02,	+8.274590241584037e-02,	+2.448216424948574e-02,	0.513725977944114,	0.499999998608815
3933,	-8.244393999999999e-02,	+2.485128000000000e-02,	-8.243430962398318e-02,	+2.484275584148403e-02,	0.983614650608916,	0.500000000965883
3933,	+8.244393999999999e-02,	+2.485128000000000e-02,	+8.241726543169520e-02,	+2.481061360808843e-02,	0.515044411165623,	0.499999959251220
3932,	-8.186594000000000e-02,	+2.539494000000000e-02,	-8.186814851982589e-02,	+2.539658551262154e-02,	0.981706062587345,	0.499999999433875
3932,	+8.186594000000000e-02,	+2.539494000000000e-02,	+8.185312157168298e-02,	+2.536696009763807e-02,	0.517064329470484,	0.499999999807140
3931,	-8.103233000000000e-02,	+2.617888000000000e-02,	-8.104747236550509e-02,	+2.619121693268460e-02,	0.979200675853180,	0.500000001430348
3931,	+8.103233000000000e-02,	+2.617888000000000e-02,	+8.103434695894296e-02,	+2.616453360211396e-02,	0.519678383493958,	0.499999999016977
3930,	-8.013935000000000e-02,	+2.701843000000000e-02,	-8.016490376669040e-02,	+2.703881439750153e-02,	0.976724897548906,	0.499999999078960
3930,	+8.013935000000000e-02,	+2.701843000000000e-02,	+8.015324658124676e-02,	+2.701482402567264e-02,	0.522238895752822,	0.499999999902090
3929,	-7.924805000000000e-02,	+2.785609000000000e-02,	-7.928138203827245e-02,	+2.788190084803435e-02,	0.974412842660869,	0.499999999714969
3929,	+7.924805000000000e-02,	+2.785609000000000e-02,	+7.927081890853174e-02,	+2.786027428690446e-02,	0.524614104765599,	0.500000000548672
3928,	-7.835497000000000e-02,	+2.869502000000000e-02,	-7.839413220646141e-02,	+2.872427086611420e-02,	0.972218283061831,	0.500000001405573
3928,	+7.835497000000000e-02,	+2.869502000000000e-02,	+7.838441853592150e-02,	+2.870476441358590e-02,	0.526856710542223,	0.499999998771967
3927,	-7.745918000000000e-02,	+2.953602000000000e-02,	-7.750267736822272e-02,	+2.956718188087526e-02,	0.970112382999433,	0.499999999440464
3927,	+7.745918000000000e-02,	+2.953602000000000e-02,	+7.749362471223092e-02,	+2.954962788804360e-02,	0.528999681347221,	0.500000000604345
3926,	-7.656453000000001e-02,	+3.037539000000000e-02,	-7.661120292288306e-02,	+3.040728280135287e-02,	0.968084002716336,	0.500000000378330
3926,	+7.656453000000001e-02,	+3.037539000000000e-02,	+7.660266147043344e-02,	+3.039155124784472e-02,	0.531056744398327,	0.499999998114419
3925,	-7.568070000000000e-02,	+3.120398000000000e-02,	-7.572962316953782e-02,	+3.123573943944705e-02,	0.966138215634674,	0.499999998497269
3925,	+7.568070000000000e-02,	+3.120398000000000e-02,	+7.572151347387289e-02,	+3.122167064268041e-02,	0.533024401065370,	0.500000001578542
3924,	-7.480684000000000e-02,	+3.202254000000000e-02,	-7.485735658141392e-02,	+3.205353450418759e-02,	0.964259005604108,	0.499999998467714
3924,	+7.480684000000000e-02,	+3.202254000000000e-02,	+7.484960327450649e-02,	+3.204101548095419e-02,	0.534920286738143,	0.499999999946633
3923,	-7.393834000000001e-02,	+3.283533000000000e-02,	-7.399001134196137e-02,	+3.286511404280865e-02,	0.962425638579678,	0.499999999974077
3923,	+7.393834000000001e-02,	+3.283533000000000e-02,	+7.398252623338467e-02,	+3.285408841708364e-02,	0.536766386162483,	0.499999999644910
3922,	-7.307078000000000e-02,	+3.364642000000000e-02,	-7.312330963090391e-02,	+3.367471757829318e-02,	0.960620513537744,	0.500000000525396
3922,	+7.307078000000000e-02,	+3.364642000000000e-02,	+7.311608247688604e-02,	+3.366508834991772e-02,	0.538580954283698,	0.500000000047402
3921,	-7.220085000000000e-02,	+3.445885000000000e-02,	-7.225403024039317e-02,	+3.448552717444429e-02,	0.958830087947307,	0.499999998927698
3921,	+7.220085000000000e-02,	+3.445885000000000e-02,	+7.224699684519237e-02,	+3.447726993114356e-02,	0.540378167167611,	0.499999999313968
3920,	-7.133022999999999e-02,	+3.527094000000000e-02,	-7.138404850396740e-02,	+3.529593328655946e-02,	0.957052257229640,	0.500000000528183
3920,	+7.133022999999999e-02,	+3.527094000000000e-02,	+7.137715953102793e-02,	+3.528901661612861e-02,	0.542160380948072,	0.500000059008914
3919,	-7.046624999999999e-02,	+3.607582000000000e-02,	-7.052068740135796e-02,	+3.609925033329492e-02,	0.955296350459518,	0.499999999155175
3919,	+7.046624999999999e-02,	+3.607582000000000e-02,	+7.051396037951711e-02,	+3.609357591015918e-02,	0.543918319337677,	0.499999999929281
3918,	-6.961071000000001e-02,	+3.687176000000000e-02,	-6.966591042540193e-02,	+3.689378283525521e-02,	0.953561141536365,	0.499999999832828
3918,	+6.961071000000001e-02,	+3.687176000000000e-02,	+6.965928594093723e-02,	+3.688932851803585e-02,	0.545653555684821,	0.500000000144670
3917,	-6.876278000000000e-02,	+3.765949000000000e-02,	-6.881891681127904e-02,	+3.768038889108397e-02,	0.951840263691426,	0.499999999445681
3917,	+6.876278000000000e-02,	+3.765949000000000e-02,	+6.881238791864333e-02,	+3.767709074068297e-02,	0.547372461508486,	0.499999999789536
3916,	-6.791475000000000e-02,	+3.844614000000000e-02,	-6.797203549347582e-02,	+3.846620615077738e-02,	0.950111585777588,	0.499999999026632
3916,	+6.791475000000000e-02,	+3.844614000000000e-02,	+6.796563527356311e-02,	+3.846404935230245e-02,	0.549095156758055,	0.500000000285088
3915,	-6.706371000000000e-02,	+3.923433000000000e-02,	-6.712247418719269e-02,	+3.925398473976554e-02,	0.948363859493219,	0.499999998711345
3915,	+6.706371000000000e-02,	+3.923433000000000e-02,	+6.711610798491580e-02,	+3.925290305612352e-02,	0.550835342808325,	0.499999999300076
3914,	-6.620943999999999e-02,	+4.002419000000000e-02,	-6.627010320708139e-02,	+4.004393599105698e-02,	0.946591568229827,	0.499999999904068
3914,	+6.620943999999999e-02,	+4.002419000000000e-02,	+6.626379030394076e-02,	+4.004385722268218e-02,	0.552597530010898,	0.499999929488499
3913,	-6.535554000000000e-02,	+4.081230000000000e-02,	-6.541857513615809e-02,	+4.083274418597350e-02,	0.944796062542638,	0.499999999515955
3913,	+6.535554000000000e-02,	+4.081230000000000e-02,	+6.541232951800942e-02,	+4.083359255725724e-02,	0.554380050034013,	0.499999943658055
3912,	-6.450680000000000e-02,	+4.159422000000000e-02,	-6.457273194894599e-02,	+4.161596293467870e-02,	0.942982261626320,	0.499999999950524
3912,	+6.450680000000000e-02,	+4.159422000000000e-02,	+6.456651234683769e-02,	+4.161773238328582e-02,	0.556178805031223,	0.500000079024591
3911,	-6.366229000000000e-02,	+4.237075000000000e-02,	-6.373161130576074e-02,	+4.239444476443029e-02,	0.941145328322115,	0.499999999306983
3911,	+6.366229000000000e-02,	+4.237075000000000e-02,	+6.372545406574813e-02,	+4.239708779789540e-02,	0.557999374384474,	0.499999852960107
3910,	-6.281904000000001e-02,	+4.314457000000000e-02,	-6.289224580640784e-02,	+4.317082413942192e-02,	0.939277894013985,	0.500000000920691
3910,	+6.281904000000001e-02,	+4.314457000000000e-02,	+6.288617152404655e-02,	+4.317433300216863e-02,	0.559849880517464,	0.499999999318246
3909,	-6.197258000000000e-02,	+4.391973000000000e-02,	-6.205012830354335e-02,	+4.394912943507091e-02,	0.937368861886051,	0.499999999130717
3909,	+6.197258000000000e-02,	+4.391973000000000e-02,	+6.204417053127513e-02,	+4.395348946728513e-02,	0.561741314725576,	0.499999905363500
3908,	-6.112358000000000e-02,	+4.469553000000000e-02,	-6.120589402599795e-02,	+4.472861245031168e-02,	0.935418462467451,	0.500000000105845
3908,	+6.112358000000000e-02,	+4.469553000000000e-02,	+6.120007253759253e-02,	+4.473382013819188e-02,	0.563673516799815,	0.499999898516526
3907,	-6.027364000000000e-02,	+4.547043000000000e-02,	-6.036104242679321e-02,	+4.550771342452971e-02,	0.933429196479583,	0.500000000044874
3907,	+6.027364000000000e-02,	+4.547043000000000e-02,	+6.035543953302770e-02,	+4.551370426011664e-02,	0.565643905308888,	0.500000000221832
3906,	-5.942460000000000e-02,	+4.624272000000000e-02,	-5.951736607754549e-02,	+4.628459352908938e-02,	0.931404655197351,	0.499999999141330
3906,	+5.942460000000000e-02,	+4.624272000000000e-02,	+5.951197278805007e-02,	+4.629138303086271e-02,	0.567649181781362,	0.500000000983685
3905,	-5.857889000000000e-02,	+4.701012000000000e-02,	-5.867719892977508e-02,	+4.705691238707232e-02,	0.929350216047770,	0.499999999918723
3905,	+5.857889000000000e-02,	+4.701012000000000e-02,	+5.867204808119611e-02,	+4.706447191115264e-02,	0.569683970354343,	0.499999999471190
3904,	-5.773635000000000e-02,	+4.777275000000000e-02,	-5.784029155246130e-02,	+4.782469961660348e-02,	0.927265289329951,	0.500000000074410
3904,	+5.773635000000000e-02,	+4.777275000000000e-02,	+5.783541471996694e-02,	+4.783299873135634e-02,	0.571748907676770,	0.499999999966504
3903,	-5.689461000000000e-02,	+4.853270000000000e-02,	-5.700417378725087e-02,	+4.859000116379739e-02,	0.925143689174689,	0.499999998724617
3903,	+5.689461000000000e-02,	+4.853270000000000e-02,	+5.699960890142976e-02,	+4.859900263991074e-02,	0.573850161527527,	0.500000000129494
3902,	-5.605213000000000e-02,	+4.929133000000000e-02,	-5.616728450942569e-02,	+4.935400016132702e-02,	0.922981336791540,	0.500000000240233
3902,	+5.605213000000000e-02,	+4.929133000000000e-02,	+5.616302331386725e-02,	+4.936370596440540e-02,	0.575991956071368,	0.499999999516572
3901,	-5.520847000000000e-02,	+5.004895000000000e-02,	-5.532900401226887e-02,	+5.011699443180695e-02,	0.920776568794315,	0.499999999067550
3901,	+5.520847000000000e-02,	+5.004895000000000e-02,	+5.532520174599462e-02,	+5.012725231610037e-02,	0.578175586195967,	0.499999998169453
3900,	-5.436440000000000e-02,	+5.080482000000000e-02,	-5.448997411794568e-02,	+5.087811721606722e-02,	0.918531222710792,	0.500000000069684
3900,	+5.436440000000000e-02,	+5.080482000000000e-02,	+5.448643499075907e-02,	+5.088908682879580e-02,	0.580400228724757,	0.500000000172351
3899,	-5.352038000000000e-02,	+5.155846000000000e-02,	-5.365062037939032e-02,	+5.163669073865690e-02,	0.916246873638755,	0.499999998425132
3899,	+5.352038000000000e-02,	+5.155846000000000e-02,	+5.364742838622823e-02,	+5.164826851960377e-02,	0.582663671255550,	0.500000000271058
3898,	-5.267627000000000e-02,	+5.230996000000000e-02,	-5.281059031055116e-02,	+5.239273088795841e-02,	0.913923241498007,	0.500000000053130
3898,	+5.267627000000000e-02,	+5.230996000000000e-02,	+5.280776574673712e-02,	+5.240486259131967e-02,	0.584966443918136,	0.500000000846989
3897,	-5.183214000000000e-02,	+5.305919000000000e-02,	-5.196942757464653e-02,	+5.314596566237793e-02,	0.911556532060676,	0.499999999803193
3897,	+5.183214000000000e-02,	+5.305919000000000e-02,	+5.196689378742124e-02,	+5.315884692637568e-02,	0.587311068508564,	0.499999999902441
3896,	-5.098714000000000e-02,	+5.380687000000000e-02,	-5.112662923811706e-02,	+5.389664589259045e-02,	0.909148577233143,	0.500000000240481
3896,	+5.098714000000000e-02,	+5.380687000000000e-02,	+5.112464793437578e-02,	+5.390983324660270e-02,	0.589698067855622,	0.499999998795517
3895,	-5.014024000000000e-02,	+5.455382000000000e-02,	-5.028098359048404e-02,	+5.464562262380623e-02,	0.906698617247105,	0.499999999997415
3895,	+5.014024000000000e-02,	+5.455382000000000e-02,	+5.027927783267420e-02,	+5.465928990035399e-02,	0.592128284856459,	0.499999999332113
3894,	-4.929179000000000e-02,	+5.529968000000000e-02,	-4.943234358370312e-02,	+5.539266038458372e-02,	0.904207857046718,	0.500000000525096
3894,	+4.929179000000000e-02,	+5.529968000000000e-02,	+4.943094675718557e-02,	+5.540668941875639e-02,	0.594599744295673,	0.499999999969131
3893,	-4.844178000000000e-02,	+5.604440000000000e-02,	-4.858068516609275e-02,	+5.613719454160166e-02,	0.901677029751284,	0.500000000044731
3893,	+4.844178000000000e-02,	+5.604440000000000e-02,	+4.858008764368123e-02,	+5.615126887553202e-02,	0.597109351849694,	0.500000000087504
3892,	-4.758863000000000e-02,	+5.678930000000000e-02,	-4.772422562916102e-02,	+5.687981465917816e-02,	0.899100786551248,	0.499999999977884
3892,	+4.758863000000000e-02,	+5.678930000000000e-02,	+4.772366581959462e-02,	+5.689441904099481e-02,	0.599667914324828,	0.500000002950236
3891,	-4.673086000000000e-02,	+5.753556000000000e-02,	-4.686143134577366e-02,	+5.762211446278558e-02,	0.896480922709881,	0.500000000087163
3891,	+4.673086000000000e-02,	+5.753556000000000e-02,	+4.686110592312017e-02,	+5.763677339521718e-02,	0.602271186383516,	0.499999999727314
3890,	-4.586869000000000e-02,	+5.828292000000000e-02,	-4.599257487111123e-02,	+5.836345493763222e-02,	0.893821041912693,	0.500000000280500
3890,	+4.586869000000000e-02,	+5.828292000000000e-02,	+4.599232526045859e-02,	+5.837812911155836e-02,	0.604915963878531,	0.499999999906475
3889,	-4.500333000000000e-02,	+5.903024000000000e-02,	-4.511731604356418e-02,	+5.910240509257261e-02,	0.891120316779737,	0.500000000251412
3889,	+4.500333000000000e-02,	+5.903024000000000e-02,	+4.511742251585978e-02,	+5.911717984139813e-02,	0.607600767650908,	0.500000000373213
3888,	-4.413607000000000e-02,	+5.977633000000000e-02,	-4.423872764130689e-02,	+5.983715037805176e-02,	0.888395537408510,	0.500000000373922
3888,	+4.413607000000000e-02,	+5.977633000000000e-02,	+4.423871926160509e-02,	+5.985165578292934e-02,	0.610313817523569,	0.499999999858996
3887,	-4.326697000000000e-02,	+6.052107000000000e-02,	-4.335554256706196e-02,	+6.056820180458992e-02,	0.885645402556279,	0.499999999915796
3887,	+4.326697000000000e-02,	+6.052107000000000e-02,	+4.335591304230560e-02,	+6.058207618843588e-02,	0.613050945915071,	0.499999999895896
3886,	-4.239477000000000e-02,	+6.126547000000000e-02,	-4.246669743975749e-02,	+6.129481885319108e-02,	0.882866199977692,	0.500000000339759
3886,	+4.239477000000000e-02,	+6.126547000000000e-02,	+4.246659836281319e-02,	+6.130866941419202e-02,	0.615819378336312,	0.499999999990320
3885,	-4.152086000000000e-02,	+6.200827000000000e-02,	-4.157372345267377e-02,	+6.201661981446804e-02,	0.880064926988019,	0.499999999781109
3885,	+4.152086000000000e-02,	+6.200827000000000e-02,	+4.157332391927176e-02,	+6.202972218304413e-02,	0.618609544190544,	0.500000000338178
3884,	-4.064672000000000e-02,	+6.274817000000001e-02,	-4.067719484460951e-02,	+6.273145538650916e-02,	0.877242709695365,	0.500000000164864
3884,	+4.064672000000000e-02,	+6.274817000000001e-02,	+4.067679366379925e-02,	+6.274420792054231e-02,	0.621418713972448,	0.499999998214650
3883,	-3.977004000000000e-02,	+6.348703999999999e-02,	-3.977530261019358e-02,	+6.344068703846426e-02,	0.874394916270514,	0.500000000002061
3883,	+3.977004000000000e-02,	+6.348703999999999e-02,	+3.977451586888579e-02,	+6.345240776054743e-02,	0.624255154130745,	0.500000000317739
3882,	-3.889064000000000e-02,	+6.422497000000001e-02,	-3.886768981468729e-02,	+6.414426061319628e-02,	0.871521220793419,	0.500000000195905
3882,	+3.889064000000000e-02,	+6.422497000000001e-02,	+3.886662041726184e-02,	+6.415529858711062e-02,	0.627116555704552,	0.499999999189526
3881,	-3.800906000000000e-02,	+6.496144000000000e-02,	-3.795416227002196e-02,	+6.484056570204196e-02,	0.868620853047411,	0.499999999821573
3881,	+3.800906000000000e-02,	+6.496144000000000e-02,	+3.795290328186292e-02,	+6.485048999651122e-02,	0.630004306008156,	0.499999999268264
3880,	-3.712270000000000e-02,	+6.569738000000000e-02,	-3.703386071638155e-02,	+6.553132197729813e-02,	0.865692822743642,	0.500000000010742
3880,	+3.712270000000000e-02,	+6.569738000000000e-02,	+3.703134811304989e-02,	+6.554052071625965e-02,	0.632923119629477,	0.500000000523090
3879,	-3.622521000000000e-02,	+6.642900000000000e-02,	-3.610218078015369e-02,	+6.621680520813848e-02,	0.862721917654857,	0.500000000993440
3879,	+3.622521000000000e-02,	+6.642900000000000e-02,	+3.610024135668211e-02,	+6.622468053049080e-02,	0.635878432385042,	0.499999998621861
3878,	-3.531330000000000e-02,	+6.714670000000000e-02,	-3.516296725233139e-02,	+6.689606500305093e-02,	0.859722317600318,	0.499999999525876
3878,	+3.531330000000000e-02,	+6.714670000000000e-02,	+3.515999272064984e-02,	+6.690266430783798e-02,	0.638867925573426,	0.500000000108383
3877,	-3.438021000000000e-02,	+6.784734000000001e-02,	-3.421161608656390e-02,	+6.756859636162452e-02,	0.856679068478413,	0.499999999452306
3877,	+3.438021000000000e-02,	+6.784734000000001e-02,	+3.420908810682174e-02,	+6.757401831088514e-02,	0.641895889178697,	0.500000000204694
3876,	-3.343111000000000e-02,	+6.852846000000000e-02,	-3.325299135291573e-02,	+6.823298629621585e-02,	0.853609418238027,	0.499999999933185
3876,	+3.343111000000000e-02,	+6.852846000000000e-02,	+3.324886759623837e-02,	+6.823760426983319e-02,	0.644957098276267,	0.500000000202030
3875,	-3.247093000000000e-02,	+6.918966000000000e-02,	-3.228804266041903e-02,	+6.888509165055910e-02,	0.850516796918699,	0.500000000000000
3875,	+3.247093000000000e-02,	+6.918966000000000e-02,	+3.228514244355356e-02,	+6.888770486069004e-02,	0.648032280078558,	0.499999999980583
3874,	-3.149712000000000e-02,	+6.983390000000000e-02,	-3.131624423036253e-02,	+6.952680537795612e-02,	0.847400871626011,	0.500000000241524
3874,	+3.149712000000000e-02,	+6.983390000000000e-02,	+3.131113062483538e-02,	+6.952953617646540e-02,	0.651141982133856,	0.500000000040499
3873,	-3.050672000000000e-02,	+7.046225000000000e-02,	-3.033024637593979e-02,	+7.016033196421140e-02,	0.844238969379271,	0.500000001495979
3873,	+3.050672000000000e-02,	+7.046225000000000e-02,	+3.032671808834531e-02,	+7.016020309438345e-02,	0.654285687509558,	0.500000000000000
3872,	-2.949825000000000e-02,	+7.107462000000001e-02,	-2.933258247232757e-02,	+7.078374895952207e-02,	0.841040414302309,	0.499999999725197
3872,	+2.949825000000000e-02,	+7.107462000000001e-02,	+2.932916090111965e-02,	+7.078283296882606e-02,	0.657471084187653,	0.500000000007574
3871,	-2.847176000000000e-02,	+7.167060000000000e-02,	-2.831875107131638e-02,	+7.139917015090178e-02,	0.837791855847166,	0.499999999424017
3871,	+2.847176000000000e-02,	+7.167060000000000e-02,	+2.831461640733438e-02,	+7.139619358930863e-02,	0.660709199177908,	0.500000000676784
3870,	-2.743352000000000e-02,	+7.224664000000000e-02,	-2.729754280957538e-02,	+7.199820794929745e-02,	0.834523095078765,	0.499999999567667
3870,	+2.743352000000000e-02,	+7.224664000000000e-02,	+2.729353757823713e-02,	+7.199452223106059e-02,	0.663965547885375,	0.500000000019108
3869,	-2.638519000000000e-02,	+7.280217999999999e-02,	-2.626857588867890e-02,	+7.258255472973978e-02,	0.831233733710391,	0.499999999747845
3869,	+2.638519000000000e-02,	+7.280217999999999e-02,	+2.626276599407282e-02,	+7.257902937231515e-02,	0.667249113653143,	0.499999999200806
3868,	-2.532143000000000e-02,	+7.334017000000000e-02,	-2.522376622288213e-02,	+7.315476222003646e-02,	0.827898867988322,	0.500000000000000
3868,	+2.532143000000000e-02,	+7.334017000000000e-02,	+2.521928131662583e-02,	+7.314829403376788e-02,	0.670567994303162,	0.499999999149403
3867,	-2.423909000000000e-02,	+7.386199000000000e-02,	-2.416257676082686e-02,	+7.371315520637445e-02,	0.824517366754271,	0.499999999492477
3867,	+2.423909000000000e-02,	+7.386199000000000e-02,	+2.415823611911055e-02,	+7.370610875730819e-02,	0.673937721774681,	0.500000000409687
3866,	-2.314348000000000e-02,	+7.436485000000000e-02,	-2.308823018797020e-02,	+7.425638459547958e-02,	0.821099479293562,	0.500000000288287
3866,	+2.314348000000000e-02,	+7.436485000000000e-02,	+2.308336182877058e-02,	+7.424914260804459e-02,	0.677346094837158,	0.500000000671052
3865,	-2.204303000000000e-02,	+7.484507999999999e-02,	-2.200788640921484e-02,	+7.477979394857200e-02,	0.817668306353213,	0.499999999828780
3865,	+2.204303000000000e-02,	+7.484507999999999e-02,	+2.200322418077631e-02,	+7.476989947843132e-02,	0.680765163113160,	0.500000000357907
3864,	-2.093780000000000e-02,	+7.530312000000000e-02,	-2.092179462810856e-02,	+7.528057153247757e-02,	0.814225398349233,	0.500000000523316
3864,	+2.093780000000000e-02,	+7.530312000000000e-02,	+2.091750401282911e-02,	+7.527027539039875e-02,	0.684196327636917,	0.499999999816664
3863,	-1.982533000000000e-02,	+7.574096000000000e-02,	-1.982673723968383e-02,	+7.576162762366924e-02,	0.810760259108134,	0.500000000673402
3863,	+1.982533000000000e-02,	+7.574096000000000e-02,	+1.982282608089014e-02,	+7.575109425884052e-02,	0.687650053267591,	0.500000000211791
3862,	-1.869610000000000e-02,	+7.616325000000000e-02,	-1.871223600828209e-02,	+7.622627442883805e-02,	0.807240131379385,	0.499999999876041
3862,	+1.869610000000000e-02,	+7.616325000000000e-02,	+1.870933659789930e-02,	+7.621443830032941e-02,	0.691156855488490,	0.500000000996109
3861,	-1.754964000000000e-02,	+7.657050000000000e-02,	-1.757890228370552e-02,	+7.667228868723512e-02,	0.803667531462626,	0.500000000096265
3861,	+1.754964000000000e-02,	+7.657050000000000e-02,	+1.757513400856065e-02,	+7.665933634696923e-02,	0.694722262142769,	0.499999999465927
3860,	-1.638904000000000e-02,	+7.695985000000000e-02,	-1.642720400523775e-02,	+7.709663702340969e-02,	0.800044769091152,	0.500000000733733
3860,	+1.638904000000000e-02,	+7.695985000000000e-02,	+1.642405665604373e-02,	+7.708371621642621e-02,	0.698334038894542,	0.500000000713280
3859,	-1.522467000000000e-02,	+7.732554000000000e-02,	-1.526927903474100e-02,	+7.749515368449322e-02,	0.796410018982493,	0.499999999863841
3859,	+1.522467000000000e-02,	+7.732554000000000e-02,	+1.526687914004286e-02,	+7.748246729933039e-02,	0.701958068976565,	0.500000000065740
3858,	-1.405648000000000e-02,	+7.766650000000000e-02,	-1.410553173817286e-02,	+7.786699759547394e-02,	0.792764811848452,	0.499999999663639
3858,	+1.405648000000000e-02,	+7.766650000000000e-02,	+1.410375355845614e-02,	+7.785484385234484e-02,	0.705593675689841,	0.500000000068393
3857,	-1.287945000000000e-02,	+7.799011000000000e-02,	-1.292913149721424e-02,	+7.821338261764785e-02,	0.789088088770866,	0.500000001210316
3857,	+1.287945000000000e-02,	+7.799011000000000e-02,	+1.293053327170037e-02,	+7.820055323543013e-02,	0.709253387452156,	0.500000000923896
3856,	-1.169274000000000e-02,	+7.830579000000000e-02,	-1.173746584472688e-02,	+7.853370044367815e-02,	0.785372137895770,	0.499999999480393
3856,	+1.169274000000000e-02,	+7.830579000000000e-02,	+1.173957061342958e-02,	+7.852054313538373e-02,	0.712960702535571,	0.500000000617728
3855,	-1.049744000000000e-02,	+7.862137000000000e-02,	-1.053355266491882e-02,	+7.882549616539719e-02,	0.781626903098126,	0.500000000035508
3855,	+1.049744000000000e-02,	+7.862137000000000e-02,	+1.053368415671874e-02,	+7.881327403420046e-02,	0.716706620157570,	0.500000000330911
3854,	-9.290633000000000e-03,	+7.891600999999999e-02,	-9.314777148527138e-03,	+7.908755642941911e-02,	0.777844848811076,	0.500000000015789
3854,	+9.290633000000000e-03,	+7.891600999999999e-02,	+9.315868918613085e-03,	+7.907666363453864e-02,	0.720481465281610,	0.499999999324354
3853,	-8.079246999999999e-03,	+7.917192000000001e-02,	-8.094581801708271e-03,	+7.931700540352132e-02,	0.774067532478413,	0.500000000038297
3853,	+8.079246999999999e-03,	+7.917192000000001e-02,	+8.096802614767279e-03,	+7.930764137242743e-02,	0.724251972549091,	0.499999999989447
3852,	-6.862815000000000e-03,	+7.939214000000000e-02,	-6.871564572428051e-03,	+7.951414609130117e-02,	0.770289644677459,	0.500000000752570
3852,	+6.862815000000000e-03,	+7.939214000000000e-02,	+6.874601279948754e-03,	+7.950642810312433e-02,	0.728024531325067,	0.500000000028630
3851,	-5.638220000000000e-03,	+7.957670000000000e-02,	-5.642272098391962e-03,	+7.967942061728944e-02,	0.766499362849568,	0.499999999981321
3851,	+5.638220000000000e-03,	+7.957670000000000e-02,	+5.645929404390440e-03,	+7.967339536996842e-02,	0.731810536999268,	0.500000000814011
3850,	-4.405784000000000e-03,	+7.972525000000000e-02,	-4.406734648316078e-03,	+7.981251455029648e-02,	0.762695644716863,	0.499999999160984
3850,	+4.405784000000000e-03,	+7.972525000000000e-02,	+4.410951778045819e-03,	+7.980819948361466e-02,	0.735610615157437,	0.500000000791454
3849,	-3.168075000000000e-03,	+7.983743000000000e-02,	-3.167119967690347e-03,	+7.991293687191729e-02,	0.758883994444681,	0.500000000000365
3849,	+3.168075000000000e-03,	+7.983743000000000e-02,	+3.172261800767587e-03,	+7.991004657123126e-02,	0.739417933721159,	0.500000000002161
3848,	-1.925181000000000e-03,	+7.991307000000000e-02,	-1.923171352766096e-03,	+7.998048731730857e-02,	0.755062426395135,	0.500000000249739
3848,	+1.925181000000000e-03,	+7.991307000000000e-02,	+1.928406875902310e-03,	+7.997850653951201e-02,	0.743238169414260,	0.500000000000000
3847,	-6.746874000000000e-04,	+7.995177000000001e-02,	-6.721750044435874e-04,	+8.001491481964497e-02,	0.751221398261779,	0.500000001612063
3847,	+6.746874000000000e-04,	+7.995177000000001e-02,	+6.774677322802850e-04,	+8.001391538802244e-02,	0.747078498817799,	0.500000000000000
4075,	-2.083362000000000e-04,	+6.370557000000000e-02,	-1.933444427690128e-04,	+6.365040184974612e-02,	0.250106347434901,	0.499999999819957
4075,	+2.083362000000000e-04,	+6.370557000000000e-02,	+2.220958092245603e-04,	+6.365017170571047e-02,	0.251825486389568,	0.500000000000000
4074,	-1.299509000000000e-03,	+6.369287000000000e-02,	-1.281271388176919e-03,	+6.363683509383757e-02,	0.245605448419082,	0.499999999994640
4074,	+1.299509000000000e-03,	+6.369287000000000e-02,	+1.310056218697778e-03,	+6.363652849585338e-02,	0.256324993956873,	0.500000000446165
4073,	-2.390925000000000e-03,	+6.366173999999999e-02,	-2.369759393247383e-03,	+6.360378478143884e-02,	0.241109190352125,	0.500000000075891
4073,	+2.390925000000000e-03,	+6.366173999999999e-02,	+2.397371592617313e-03,	+6.360289624470152e-02,	0.260812333310337,	0.499999999946060
4072,	-3.481471000000000e-03,	+6.361216000000000e-02,	-3.457013087108772e-03,	+6.355149115008130e-02,	0.236631556572359,	0.499999999561735
4072,	+3.481471000000000e-03,	+6.361216000000000e-02,	+3.484418916595200e-03,	+6.354971536246316e-02,	0.265282277323784,	0.499999997019799
4071,	-4.570944000000000e-03,	+6.354422000000000e-02,	-4.542575253595599e-03,	+6.347977405688382e-02,	0.232181524679716,	0.499999999960865
4071,	+4.570944000000000e-03,	+6.354422000000000e-02,	+4.570136701346663e-03,	+6.347774475109508e-02,	0.269724402897876,	0.500000001301112
4070,	-5.659397000000000e-03,	+6.345791000000001e-02,	-5.627753453243617e-03,	+6.338927411509153e-02,	0.227759812511987,	0.500000000422911
4070,	+5.659397000000000e-03,	+6.345791000000001e-02,	+5.654677670633187e-03,	+6.338742528894091e-02,	0.274133422309539,	0.499999999995129
4069,	-6.746731000000000e-03,	+6.335320999999999e-02,	-6.711896336751468e-03,	+6.328085031655142e-02,	0.223374428037795,	0.499999999333595
4069,	+6.746731000000000e-03,	+6.335320999999999e-02,	+6.737996426869492e-03,	+6.327929160076223e-02,	0.278503609270809,	0.500000000005275
4068,	-7.832159999999999e-03,	+6.323015000000000e-02,	-7.794237210176422e-03,	+6.315513491600080e-02,	0.219033484700107,	0.500000000055950
4068,	+7.832159999999999e-03,	+6.323015000000000e-02,	+7.818645805221399e-03,	+6.315348254816569e-02,	0.282823522999490,	0.500000000096117
4067,	-8.914963000000000e-03,	+6.308883999999999e-02,	-8.874183396100032e-03,	+6.301248956704229e-02,	0.214742467836821,	0.500000000766351
4067,	+8.914963000000000e-03,	+6.308883999999999e-02,	+8.897407213241271e-03,	+6.301054990976802e-02,	0.287094785502336,	0.500000000000000
4066,	-9.994802000000001e-03,	+6.292936000000000e-02,	-9.951370037427028e-03,	+6.285312830420235e-02,	0.210504755433575,	0.499999998315459
4066,	+9.994802000000001e-03,	+6.292936000000000e-02,	+9.973399222959195e-03,	+6.285088527093564e-02,	0.291312284681938,	0.499999999508209
4065,	-1.107156000000000e-02,	+6.275169000000000e-02,	-1.102521570440133e-02,	+6.267719915805349e-02,	0.206324672701347,	0.500000000133417
4065,	+1.107156000000000e-02,	+6.275169000000000e-02,	+1.104679091640674e-02,	+6.267470562995250e-02,	0.295475155325841,	0.500000000398754
4064,	-1.214585000000000e-02,	+6.255572000000000e-02,	-1.209783209149709e-02,	+6.248471631520186e-02,	0.202195126420498,	0.500000000399017
4064,	+1.214585000000000e-02,	+6.255572000000000e-02,	+1.211789990042694e-02,	+6.248223832411240e-02,	0.299583349640119,	0.499999999843407
4063,	-1.321729000000000e-02,	+6.234160000000000e-02,	-1.316831841704737e-02,	+6.227627837485302e-02,	0.198120294268708,	0.499999999761126
4063,	+1.321729000000000e-02,	+6.234160000000000e-02,	+1.318695376765581e-02,	+6.227375385665128e-02,	0.303636696610545,	0.499999998140006
4062,	-1.428472000000000e-02,	+6.210952000000000e-02,	-1.423567383025403e-02,	+6.205243944202496e-02,	0.194104735353784,	0.500000000093394
4062,	+1.428472000000000e-02,	+6.210952000000000e-02,	+1.425283345684750e-02,	+6.204984161805464e-02,	0.307630229654866,	0.499999999982825
4061,	-1.534859000000000e-02,	+6.185910000000000e-02,	-1.530063888353131e-02,	+6.181343985494089e-02,	0.190146158932813,	0.500000000098370
4061,	+1.534859000000000e-02,	+6.185910000000000e-02,	+1.531627490007362e-02,	+6.181076191375844e-02,	0.311566262344713,	0.499999999895451
4060,	-1.640983000000000e-02,	+6.159020000000000e-02,	-1.636432627984501e-02,	+6.155941437705482e-02,	0.186240817766262,	0.500000000012027
4060,	+1.640983000000000e-02,	+6.159020000000000e-02,	+1.637842572450240e-02,	+6.155666001158115e-02,	0.315448708086621,	0.499999999989074
4059,	-1.746748000000000e-02,	+6.130385000000000e-02,	-1.742591051064772e-02,	+6.129091617092722e-02,	0.182392096075028,	0.500000000080948
4059,	+1.746748000000000e-02,	+6.130385000000000e-02,	+1.743837516342729e-02,	+6.128817871288413e-02,	0.319274112499392,	0.500000000073490
4058,	-1.851992000000000e-02,	+6.099989000000000e-02,	-1.848371139172060e-02,	+6.100852403396300e-02,	0.178607035415448,	0.499999999633892
4058,	+1.851992000000000e-02,	+6.099989000000000e-02,	+1.849490655198403e-02,	+6.100612046380284e-02,	0.323038328837238,	0.500000000145310
4057,	-1.956646000000000e-02,	+6.067546000000000e-02,	-1.953841218401505e-02,	+6.071284852875176e-02,	0.174881859810949,	0.499999996841109
4057,	+1.956646000000000e-02,	+6.067546000000000e-02,	+1.954843993683036e-02,	+6.071089953516175e-02,	0.326743350883974,	0.499999999047989
4056,	-2.060787000000000e-02,	+6.033283000000000e-02,	-2.059052943796225e-02,	+6.040426049806744e-02,	0.171214179367957,	0.500000000744576
4056,	+2.060787000000000e-02,	+6.033283000000000e-02,	+2.059875744708212e-02,	+6.040255900331727e-02,	0.330387057368708,	0.499999999547465
4055,	-2.164740000000000e-02,	+5.998248000000000e-02,	-2.164035140407138e-02,	+6.008318393046226e-02,	0.167602314883991,	0.499999999942561
4055,	+2.164740000000000e-02,	+5.998248000000000e-02,	+2.164719448274974e-02,	+6.008148465990637e-02,	0.333975653837148,	0.500000000791379
4054,	-2.268726000000000e-02,	+5.963042000000000e-02,	-2.268827552146219e-02,	+5.974999288979956e-02,	0.164044002489018,	0.500000000144255
4054,	+2.268726000000000e-02,	+5.963042000000000e-02,	+2.269350731212605e-02,	+5.974842104746766e-02,	0.337510196494879,	0.499999999984593
4053,	-2.372664000000000e-02,	+5.927540000000000e-02,	-2.373212297527248e-02,	+5.940542719753852e-02,	0.160546441222950,	0.499999999961977
4053,	+2.372664000000000e-02,	+5.927540000000000e-02,	+2.373723946293496e-02,	+5.940397566446330e-02,	0.340991227960547,	0.500000000000000
4052,	-2.476450000000000e-02,	+5.891559000000000e-02,	-2.477359272234898e-02,	+5.904916305690759e-02,	0.157102429631507,	0.499999999838161
4052,	+2.476450000000000e-02,	+5.891559000000000e-02,	+2.477666701167859e-02,	+5.904864556810915e-02,	0.344413293446345,	0.499999999875215
4051,	-2.580004000000000e-02,	+5.854907000000000e-02,	-2.581163963455222e-02,	+5.868258588218950e-02,	0.153711124132287,	0.500000000020762
4051,	+2.580004000000000e-02,	+5.854907000000000e-02,	+2.581355559306328e-02,	+5.868211589113933e-02,	0.347783816473152,	0.499999999980635
4050,	-2.683300000000000e-02,	+5.817373000000000e-02,	-2.684588336117106e-02,	+5.830615577952790e-02,	0.150372113153723,	0.499999999814093
4050,	+2.683300000000000e-02,	+5.817373000000000e-02,	+2.684755891120146e-02,	+5.830558280328179e-02,	0.351105976021489,	0.500000000089335
4049,	-2.786334000000000e-02,	+5.778776000000000e-02,	-2.787825325204808e-02,	+5.791841735387977e-02,	0.147081286970566,	0.499999997026706
4049,	+2.786334000000000e-02,	+5.778776000000000e-02,	+2.787822233907150e-02,	+5.791897406331309e-02,	0.354377917904925,	0.499999997743728
4048,	-2.889084000000000e-02,	+5.739134000000000e-02,	-2.890847760984496e-02,	+5.752108468245892e-02,	0.143833388225056,	0.499999999995216
4048,	+2.889084000000000e-02,	+5.739134000000000e-02,	+2.890722552060206e-02,	+5.752181510302195e-02,	0.357605991065504,	0.499999999189903
4047,	-2.991517000000000e-02,	+5.698526000000000e-02,	-2.993454883545470e-02,	+5.711462744269163e-02,	0.140635386194589,	0.500000000344210
4047,	+2.991517000000000e-02,	+5.698526000000000e-02,	+2.993350407221543e-02,	+5.711574498266719e-02,	0.360791464103943,	0.500000000034105
4046,	-3.093625000000000e-02,	+5.657021000000000e-02,	-3.095827682265402e-02,	+5.669843596297122e-02,	0.137480817759151,	0.500000000839103
4046,	+3.093625000000000e-02,	+5.657021000000000e-02,	+3.095542851162781e-02,	+5.670017245825321e-02,	0.363925485075854,	0.500000000083858
4045,	-3.195423000000000e-02,	+5.614680000000000e-02,	-3.197813955555830e-02,	+5.627426618336426e-02,	0.134370168974560,	0.499999999957860
4045,	+3.195423000000000e-02,	+5.614680000000000e-02,	+3.197532099178135e-02,	+5.627599323803542e-02,	0.367021748326324,	0.500000000856918
4044,	-3.296953000000000e-02,	+5.571553000000000e-02,	-3.299561471416669e-02,	+5.584036094968046e-02,	0.131302340775909,	0.499999994231409
4044,	+3.296953000000000e-02,	+5.571553000000000e-02,	+3.299133620129591e-02,	+5.584311747277722e-02,	0.370072132201786,	0.499999997621436
4043,	-3.398216000000000e-02,	+5.527682000000000e-02,	-3.400958075242058e-02,	+5.539920469743966e-02,	0.128273756011928,	0.500000000741223
4043,	+3.398216000000000e-02,	+5.527682000000000e-02,	+3.400537154167622e-02,	+5.540182722216128e-02,	0.373086268962568,	0.499999999433036
4042,	-3.499199000000000e-02,	+5.483073000000000e-02,	-3.502090234464720e-02,	+5.494873198884320e-02,	0.125286989816703,	0.499999999709026
4042,	+3.499199000000000e-02,	+5.483073000000000e-02,	+3.501542758204276e-02,	+5.495251515012933e-02,	0.376056964310854,	0.500000000173301
4041,	-3.599981000000000e-02,	+5.437683000000000e-02,	-3.602960187524894e-02,	+5.449112216495495e-02,	0.122334594224489,	0.499999999467575
4041,	+3.599981000000000e-02,	+5.437683000000000e-02,	+3.602433488155160e-02,	+5.449494252384717e-02,	0.378996139492252,	0.500000000000000
4040,	-3.700628000000000e-02,	+5.391476000000000e-02,	-3.703727436639218e-02,	+5.402404828860810e-02,	0.119416708769801,	0.499999999943987
4040,	+3.700628000000000e-02,	+5.391476000000000e-02,	+3.703086448873653e-02,	+5.402887383179911e-02,	0.381897964811497,	0.499999998622293
4039,	-3.801105000000000e-02,	+5.344457000000000e-02,	-3.804283341900191e-02,	+5.354972875796117e-02,	0.116530769984994,	0.500000000008444
4039,	+3.801105000000000e-02,	+5.344457000000000e-02,	+3.803652484302056e-02,	+5.355517871699830e-02,	0.384772014091444,	0.499999998603346
4038,	-3.901266000000000e-02,	+5.296687000000000e-02,	-3.904580786719808e-02,	+5.306751861499585e-02,	0.113680565237555,	0.499999999700886
4038,	+3.901266000000000e-02,	+5.296687000000000e-02,	+3.903874537550150e-02,	+5.307340824616012e-02,	0.387606009715841,	0.500000000000000
4037,	-4.001023000000000e-02,	+5.248209000000000e-02,	-4.004432291403075e-02,	+5.257905378643413e-02,	0.110868886484707,	0.499999997152990
4037,	+4.001023000000000e-02,	+5.248209000000000e-02,	+4.003719574986688e-02,	+5.258567010640725e-02,	0.390405268471185,	0.500000001052741
4036,	-4.100455000000000e-02,	+5.198998000000000e-02,	-4.104065434416656e-02,	+5.208354886261512e-02,	0.108088381086543,	0.499999999628932
4036,	+4.100455000000000e-02,	+5.198998000000000e-02,	+4.103313410539784e-02,	+5.209026143912589e-02,	0.393169480801227,	0.500000000000830
4035,	-4.199607000000000e-02,	+5.149044000000000e-02,	-4.203321416699064e-02,	+5.158023696255710e-02,	0.105349218236656,	0.500000000081214
4035,	+4.199607000000000e-02,	+5.149044000000000e-02,	+4.202550155891728e-02,	+5.158729182257807e-02,	0.395893446281686,	0.499999997369241
4034,	-4.298485000000000e-02,	+5.098354000000000e-02,	-4.302305077303227e-02,	+5.106965517396808e-02,	0.102645998565584,	0.499999999644282
4034,	+4.298485000000000e-02,	+5.098354000000000e-02,	+4.301508351147449e-02,	+5.107688024068470e-02,	0.398580217672257,	0.499999999716622
4033,	-4.397104000000000e-02,	+5.046933000000000e-02,	-4.401040323346002e-02,	+5.055074350017296e-02,	0.099981938658555,	0.500000000122544
4033,	+4.397104000000000e-02,	+5.046933000000000e-02,	+4.400193564568948e-02,	+5.055747531529515e-02,	0.401224058962756,	0.500000000761315
4032,	-4.495514000000000e-02,	+4.994765000000000e-02,	-4.499417765285296e-02,	+5.002321789116668e-02,	0.097363685117484,	0.499999995029052
4032,	+4.495514000000000e-02,	+4.994765000000000e-02,	+4.498535219151595e-02,	+5.002982176706439e-02,	0.403823663613476,	0.500000000032695
4031,	-4.593813000000000e-02,	+4.941806000000000e-02,	-4.597627875243501e-02,	+4.948705504137026e-02,	0.094783362546427,	0.500000000178777
4031,	+4.593813000000000e-02,	+4.941806000000000e-02,	+4.596710566308698e-02,	+4.949339685544456e-02,	0.406384658211267,	0.499999999859092
4030,	-4.691918000000000e-02,	+4.888105000000000e-02,	-4.695575227236723e-02,	+4.894262069933072e-02,	0.092244535791415,	0.500000000688395
4030,	+4.691918000000000e-02,	+4.888105000000000e-02,	+4.694647059015809e-02,	+4.894817298195765e-02,	0.408903149406588,	0.499999999165459
4029,	-4.789680000000000e-02,	+4.833751000000000e-02,	-4.793072672510516e-02,	+4.838945445757328e-02,	0.089758007367124,	0.500000002351458
4029,	+4.789680000000000e-02,	+4.833751000000000e-02,	+4.792058542658814e-02,	+4.839466965626742e-02,	0.411367378375010,	0.499999999708866
4028,	-4.887123000000000e-02,	+4.778737000000000e-02,	-4.890117448599427e-02,	+4.782886940026197e-02,	0.087319639560804,	0.500000000062501
4028,	+4.887123000000000e-02,	+4.778737000000000e-02,	+4.889056326717661e-02,	+4.783366413423857e-02,	0.413784857887995,	0.499999998270391
4027,	-4.984284000000000e-02,	+4.723050000000000e-02,	-4.986795653418383e-02,	+4.726060737882238e-02,	0.084926782182491,	0.499999999883224
4027,	+4.984284000000000e-02,	+4.723050000000000e-02,	+4.985706717820271e-02,	+4.726482854550105e-02,	0.416157094455942,	0.500000000153257
4026,	-5.081165000000000e-02,	+4.666695000000000e-02,	-5.083096582530627e-02,	+4.668480522218888e-02,	0.082579777627520,	0.500000000892805
4026,	+5.081165000000000e-02,	+4.666695000000000e-02,	+5.081979355982644e-02,	+4.668842972099699e-02,	0.418483347101977,	0.499999998612002
4025,	-5.177783000000000e-02,	+4.609668000000000e-02,	-5.179047506018603e-02,	+4.610140702978738e-02,	0.080277884563139,	0.500000000625372
4025,	+5.177783000000000e-02,	+4.609668000000000e-02,	+5.177899066496291e-02,	+4.610444241563086e-02,	0.420764380025903,	0.500000000019592
4024,	-5.274186000000000e-02,	+4.551947000000000e-02,	-5.274657141036213e-02,	+4.550998035131490e-02,	0.078022657588373,	0.499999998125476
4024,	+5.274186000000000e-02,	+4.551947000000000e-02,	+5.273468279729823e-02,	+4.551240700620050e-02,	0.422998259582425,	0.499999997542252
4023,	-5.370464000000000e-02,	+4.493484000000000e-02,	-5.370038689182853e-02,	+4.491018201732661e-02,	0.075810370923521,	0.499999999989324
4023,	+5.370464000000000e-02,	+4.493484000000000e-02,	+5.368831903489964e-02,	+4.491202635604535e-02,	0.425190387768958,	0.500000000381843
4022,	-5.466591000000000e-02,	+4.434300000000000e-02,	-5.465191721966965e-02,	+4.430261913532355e-02,	0.073638970023576,	0.500000000094251
4022,	+5.466591000000000e-02,	+4.434300000000000e-02,	+5.463967966748308e-02,	+4.430390662171851e-02,	0.427341824591644,	0.499999999628197
4021,	-5.562505000000000e-02,	+4.374441000000000e-02,	-5.560058096231152e-02,	+4.368786070435060e-02,	0.071509242209543,	0.499999999597976
4021,	+5.562505000000000e-02,	+4.374441000000000e-02,	+5.558822534977170e-02,	+4.368859973097447e-02,	0.429451944445996,	0.500000001041357
4020,	-5.658157000000000e-02,	+4.313947000000000e-02,	-5.654595124441916e-02,	+4.306641304107747e-02,	0.069421459350327,	0.499999999851413
4020,	+5.658157000000000e-02,	+4.313947000000000e-02,	+5.653353001724226e-02,	+4.306661968484888e-02,	0.431520533161828,	0.499999998942597
4019,	-5.753499000000000e-02,	+4.252859000000000e-02,	-5.748762445484946e-02,	+4.243879842226359e-02,	0.067375697448032,	0.500000000693653
4019,	+5.753499000000000e-02,	+4.252859000000000e-02,	+5.747519304302901e-02,	+4.243849391109311e-02,	0.433547570842683,	0.500000000175212
4018,	-5.848553000000000e-02,	+4.191173000000000e-02,	-5.842589924881483e-02,	+4.180508908505114e-02,	0.065370414650846,	0.499999999581991
4018,	+5.848553000000000e-02,	+4.191173000000000e-02,	+5.841351747911990e-02,	+4.180429710061680e-02,	0.435534637600677,	0.500000000207669
4017,	-5.943371000000000e-02,	+4.128864000000000e-02,	-5.936138098903126e-02,	+4.116514665253761e-02,	0.063403407310649,	0.499999999647112
4017,	+5.943371000000000e-02,	+4.128864000000000e-02,	+5.934911164157651e-02,	+4.116389289738313e-02,	0.437483959961194,	0.499999999833698
4016,	-6.037993000000000e-02,	+4.065911000000000e-02,	-6.029457442755712e-02,	+4.051889117399918e-02,	0.061472706161076,	0.500000000100972
4016,	+6.037993000000000e-02,	+4.065911000000000e-02,	+6.028248211525711e-02,	+4.051720321294515e-02,	0.439397524613236,	0.499999999852289
4015,	-6.132535000000000e-02,	+4.002233000000000e-02,	-6.122676753164062e-02,	+3.986567912901335e-02,	0.059574789325849,	0.500000000224521
4015,	+6.132535000000000e-02,	+4.002233000000000e-02,	+6.121491703936621e-02,	+3.986358594270875e-02,	0.441278846444931,	0.499999999843425
4014,	-6.226822000000000e-02,	+3.937946000000000e-02,	-6.215638351684687e-02,	+3.920687812301656e-02,	0.057711936596124,	0.500000000213680
4014,	+6.226822000000000e-02,	+3.937946000000000e-02,	+6.214484484748081e-02,	+3.920440856490762e-02,	0.443125706293958,	0.499999999603680
4013,	-6.320402000000000e-02,	+3.873362000000000e-02,	-6.307913878870726e-02,	+3.854587892497273e-02,	0.055891379778300,	0.499999999840938
4013,	+6.320402000000000e-02,	+3.873362000000000e-02,	+6.306800235907921e-02,	+3.854305242811224e-02,	0.444931014277776,	0.500000000595913
4012,	-6.413447999999999e-02,	+3.808369000000000e-02,	-6.399726371155506e-02,	+3.788147990126622e-02,	0.054107018440415,	0.499999999586456
4012,	+6.413447999999999e-02,	+3.808369000000000e-02,	+6.398710038138415e-02,	+3.787731476438792e-02,	0.446700067898953,	0.499999998999117
4011,	-6.506215000000000e-02,	+3.742793000000000e-02,	-6.491336303748536e-02,	+3.721153367474813e-02,	0.052352277771941,	0.500000000586737
4011,	+6.506215000000000e-02,	+3.742793000000000e-02,	+6.490316160101142e-02,	+3.720786312988184e-02,	0.448443580490824,	0.499999999856267
4010,	-6.598884000000001e-02,	+3.676504000000000e-02,	-6.582884711279033e-02,	+3.653670343556879e-02,	0.050614705437897,	0.500000000625837
4010,	+6.598884000000001e-02,	+3.676504000000000e-02,	+6.581954599856300e-02,	+3.653309283346935e-02,	0.450173978140679,	0.500000000188599
4009,	-6.691134999999999e-02,	+3.609730000000000e-02,	-6.674166235492016e-02,	+3.585910906506322e-02,	0.048893208311456,	0.500000000125115
4009,	+6.691134999999999e-02,	+3.609730000000000e-02,	+6.673338103891609e-02,	+3.585566721948689e-02,	0.451890532980638,	0.499999999666918
4008,	-6.783308000000000e-02,	+3.542233000000000e-02,	-6.765541002022922e-02,	+3.517658200047745e-02,	0.047176491040356,	0.500000000012305
4008,	+6.783308000000000e-02,	+3.542233000000000e-02,	+6.764825686963151e-02,	+3.517339311506682e-02,	0.453604330864206,	0.499999998806235
4007,	-6.875776000000000e-02,	+3.473756000000000e-02,	-6.857392401658215e-02,	+3.448663464438259e-02,	0.045453154562650,	0.499999999856966
4007,	+6.875776000000000e-02,	+3.473756000000000e-02,	+6.856798450516183e-02,	+3.448377999260757e-02,	0.455326666793485,	0.500000001394849
4006,	-6.967751000000000e-02,	+3.404912000000000e-02,	-6.948935979131876e-02,	+3.379552544985100e-02,	0.043733725457209,	0.500000001473581
4006,	+6.967751000000000e-02,	+3.404912000000000e-02,	+6.948477508078510e-02,	+3.379302050378873e-02,	0.457047154049059,	0.500000000055537
4005,	-7.059290000000000e-02,	+3.335693000000000e-02,	-7.040249693939128e-02,	+3.310303492445243e-02,	0.042012534407466,	0.499999997863216
4005,	+7.059290000000000e-02,	+3.335693000000000e-02,	+7.039963814243154e-02,	+3.310045072597065e-02,	0.458773350424730,	0.499999999586292
4004,	-7.150877999999999e-02,	+3.265761000000000e-02,	-7.131946127794271e-02,	+3.240450338685000e-02,	0.040271251871404,	0.499999999787710
4004,	+7.150877999999999e-02,	+3.265761000000000e-02,	+7.131632206962422e-02,	+3.240369864563706e-02,	0.460518279302144,	0.500000000208928
4003,	-7.242517000000000e-02,	+3.195140000000000e-02,	-7.223613228782340e-02,	+3.170370020794267e-02,	0.038512565760067,	0.499999999074503
4003,	+7.242517000000000e-02,	+3.195140000000000e-02,	+7.223564899294749e-02,	+3.170267695316538e-02,	0.462287880736765,	0.500000000164972
4002,	-7.334263000000001e-02,	+3.123810000000000e-02,	-7.315706854453180e-02,	+3.099755011774966e-02,	0.036722742257168,	0.499999999796305
4002,	+7.334263000000001e-02,	+3.123810000000000e-02,	+7.315820087753734e-02,	+3.099720796478003e-02,	0.464089287955903,	0.500000000054741
4001,	-7.425719000000000e-02,	+3.052111000000000e-02,	-7.407718064746081e-02,	+3.029023552491003e-02,	0.034905170873827,	0.500000000236550
4001,	+7.425719000000000e-02,	+3.052111000000000e-02,	+7.408001855623558e-02,	+3.029061453869296e-02,	0.465921718940636,	0.499999999485405
4000,	-7.517340000000000e-02,	+2.979712000000000e-02,	-7.500106002122640e-02,	+2.957853841274743e-02,	0.033043106884412,	0.500000001408494
4000,	+7.517340000000000e-02,	+2.979712000000000e-02,	+7.500559571317758e-02,	+2.957977814133420e-02,	0.467802494633893,	0.499999999861169
3999,	-7.609356000000000e-02,	+2.906416000000000e-02,	-7.593126697891228e-02,	+2.886082119380119e-02,	0.031121449873686,	0.500000000262415
3999,	+7.609356000000000e-02,	+2.906416000000000e-02,	+7.593763843607793e-02,	+2.886298115901237e-02,	0.469748083646079,	0.499999999533373
3998,	-7.701189000000000e-02,	+2.832606000000000e-02,	-7.686279922301589e-02,	+2.814134979129874e-02,	0.029138310978776,	0.499999999739303
3998,	+7.701189000000000e-02,	+2.832606000000000e-02,	+7.687081680265606e-02,	+2.814476643785278e-02,	0.471760915089965,	0.500000000130665
3997,	-7.792760999999999e-02,	+2.758264000000000e-02,	-7.779461234044364e-02,	+2.742143362499894e-02,	0.027081015584728,	0.500000000310082
3997,	+7.792760999999999e-02,	+2.758264000000000e-02,	+7.780499644157335e-02,	+2.742579137865087e-02,	0.473857517244357,	0.500000005520012
3996,	-7.884267000000000e-02,	+2.683152000000000e-02,	-7.873034383201855e-02,	+2.669889014605775e-02,	0.024921815194993,	0.499999999935954
3996,	+7.884267000000000e-02,	+2.683152000000000e-02,	+7.874285449279098e-02,	+2.670470035617469e-02,	0.476066386828193,	0.499999999166613
3995,	-7.975670000000000e-02,	+2.607215000000000e-02,	-7.966994737342938e-02,	+2.597457404582501e-02,	0.022634026691735,	0.500000001115783
3995,	+7.975670000000000e-02,	+2.607215000000000e-02,	+7.968482820397854e-02,	+2.598209224753248e-02,	0.478419363974360,	0.500000000263283
3994,	-8.065728000000000e-02,	+2.531421000000000e-02,	-8.060149244203527e-02,	+2.525874904935160e-02,	0.020212580163128,	0.499999999940282
3994,	+8.065728000000000e-02,	+2.531421000000000e-02,	+8.061894843565959e-02,	+2.526838504658717e-02,	0.480926578200021,	0.499999998845360
3993,	-8.143443000000000e-02,	+2.465172000000000e-02,	-8.141095957838972e-02,	+2.464013225454378e-02,	0.017927023981875,	0.499999999150912
3993,	+8.143443000000000e-02,	+2.465172000000000e-02,	+8.143116114782928e-02,	+2.465251343499001e-02,	0.483337716320700,	0.499999999756290
3992,	-8.193900000000000e-02,	+2.421712000000000e-02,	-8.193979439428253e-02,	+2.423873762888219e-02,	0.016305742154439,	0.500000000443641
3992,	+8.193900000000000e-02,	+2.421712000000000e-02,	+8.196163800798584e-02,	+2.425322536390170e-02,	0.485042579096177,	0.499999999928647
3991,	-8.221186000000000e-02,	+2.398057000000000e-02,	-8.222699389038907e-02,	+2.402216611515852e-02,	0.015365348549564,	0.499999992874796
3991,	+8.221186000000000e-02,	+2.398057000000000e-02,	+8.225039196277176e-02,	+2.403821689834690e-02,	0.486066161400117,	0.500000030831535
3990,	-8.237648000000000e-02,	+2.383732000000000e-02,	-8.240078679763706e-02,	+2.389149923403951e-02,	0.014779938340937,	0.499999999241198
3990,	+8.237648000000000e-02,	+2.383732000000000e-02,	+8.242491644570019e-02,	+2.390826459586152e-02,	0.486684820190305,	0.499999999768474
3989,	-8.251637000000001e-02,	+2.371527000000000e-02,	-8.254860207776342e-02,	+2.378036373408330e-02,	0.014282032095238,	0.500000000014744
3989,	+8.251637000000001e-02,	+2.371527000000000e-02,	+8.257289716575074e-02,	+2.379886422631220e-02,	0.487239819734674,	0.499999999823154
3988,	-8.263822999999999e-02,	+2.360871000000000e-02,	-8.267723455830338e-02,	+2.368418375191849e-02,	0.013827646666245,	0.500000000950853
3988,	+8.263822999999999e-02,	+2.360871000000000e-02,	+8.270294304544454e-02,	+2.370357246145243e-02,	0.487760399218693,	0.499999998761191
3987,	-8.274418000000000e-02,	+2.351588000000000e-02,	-8.278988580749076e-02,	+2.360061407478380e-02,	0.013403547257823,	0.499999999952603
3987,	+8.274418000000000e-02,	+2.351588000000000e-02,	+8.281612075424097e-02,	+2.362064093267667e-02,	0.488213454658714,	0.499999999173805
3986,	-8.283641000000000e-02,	+2.343492000000000e-02,	-8.288802136665668e-02,	+2.352781277826834e-02,	0.013034095228772,	0.499999997812782
3986,	+8.283641000000000e-02,	+2.343492000000000e-02,	+8.291470390240042e-02,	+2.354840364076347e-02,	0.488608087418496,	0.499999999971028
3985,	-8.291669000000000e-02,	+2.336435000000000e-02,	-8.297344499639246e-02,	+2.346444175301840e-02,	0.012712499941569,	0.499999995966122
3985,	+8.291669000000000e-02,	+2.336435000000000e-02,	+8.300054183102165e-02,	+2.348550547182892e-02,	0.488951700493329,	0.500000000833356
3984,	-8.298659000000000e-02,	+2.330281000000000e-02,	-8.304790753499620e-02,	+2.340920214977712e-02,	0.012432169995836,	0.499999999539063
3984,	+8.298659000000000e-02,	+2.330281000000000e-02,	+8.307425396415408e-02,	+2.343264478685645e-02,	0.489289465597280,	0.499999999039574
3983,	-8.304835000000001e-02,	+2.324838000000000e-02,	-8.311371496925687e-02,	+2.336038328559322e-02,	0.012184424017508,	0.500000003916341
3983,	+8.304835000000001e-02,	+2.324838000000000e-02,	+8.314083414954418e-02,	+2.338500023877662e-02,	0.489598316860342,	0.499999998769604
3982,	-8.310685000000000e-02,	+2.319677000000000e-02,	-8.317505522563556e-02,	+2.331514551812111e-02,	0.011943421726621,	0.499999996943753
3982,	+8.310685000000000e-02,	+2.319677000000000e-02,	+8.320370349091401e-02,	+2.334001115771457e-02,	0.489889954310375,	0.499999998822001
3981,	-8.316282999999999e-02,	+2.314733000000000e-02,	-8.323502052223361e-02,	+2.327151541966941e-02,	0.011685435326082,	0.500000005508828
3981,	+8.316282999999999e-02,	+2.314733000000000e-02,	+8.326435408537222e-02,	+2.329660980419168e-02,	0.490171299467258,	0.499999999097781
3980,	-8.321641000000000e-02,	+2.309996000000000e-02,	-8.329262392144875e-02,	+2.322960381209820e-02,	0.011437610426258,	0.499999995254050
3980,	+8.321641000000000e-02,	+2.309996000000000e-02,	+8.332218672733939e-02,	+2.325522496762742e-02,	0.490439572744256,	0.500000000185131
3979,	-8.326769000000001e-02,	+2.305458000000000e-02,	-8.334768728340280e-02,	+2.318954030804785e-02,	0.011200713431528,	0.499999994824520
3979,	+8.326769000000001e-02,	+2.305458000000000e-02,	+8.337757247163811e-02,	+2.321559112248691e-02,	0.490696495385461,	0.499999999905704
3978,	-8.331693000000000e-02,	+2.301097000000000e-02,	-8.340057127530208e-02,	+2.315106248997667e-02,	0.010973192657176,	0.499999998799863
3978,	+8.331693000000000e-02,	+2.301097000000000e-02,	+8.343075980330060e-02,	+2.317753045374916e-02,	0.490943220059875,	0.499999999558890
3977,	-8.336449999999999e-02,	+2.296879000000000e-02,	-8.345168870388277e-02,	+2.311387000418738e-02,	0.010753272100579,	0.499999998214726
3977,	+8.336449999999999e-02,	+2.296879000000000e-02,	+8.347930146499902e-02,	+2.314384153606620e-02,	0.491205994829598,	0.499999986204783
3976,	-8.341113000000000e-02,	+2.292742000000000e-02,	-8.350180931804188e-02,	+2.307740278974368e-02,	0.010537640100517,	0.500000001008549
3976,	+8.341113000000000e-02,	+2.292742000000000e-02,	+8.353023472026051e-02,	+2.310872118111120e-02,	0.491489915293185,	0.500000000543119
3975,	-8.345768000000001e-02,	+2.288609000000000e-02,	-8.355177867442845e-02,	+2.304104562881229e-02,	0.010322658850981,	0.499999999392191
3975,	+8.345768000000001e-02,	+2.288609000000000e-02,	+8.358109457833202e-02,	+2.307365143622130e-02,	0.491773426614177,	0.499999999473228
3974,	-8.350426000000000e-02,	+2.284468000000000e-02,	-8.360196034312843e-02,	+2.300453399174784e-02,	0.010106764178305,	0.499999998721747
3974,	+8.350426000000000e-02,	+2.284468000000000e-02,	+8.363201182464006e-02,	+2.303854212002920e-02,	0.492057257838043,	0.500000000437284
3973,	-8.355085000000000e-02,	+2.280323000000000e-02,	-8.364996560561869e-02,	+2.297019243946249e-02,	0.009878902647100,	0.500000005065861
3973,	+8.355085000000000e-02,	+2.280323000000000e-02,	+8.368295425822252e-02,	+2.300341543628393e-02,	0.492341229464925,	0.500000010916663
3972,	-8.359743000000000e-02,	+2.276176000000000e-02,	-8.370055229173885e-02,	+2.293445163075105e-02,	0.009622517597887,	0.499999996278320
3972,	+8.359743000000000e-02,	+2.276176000000000e-02,	+8.373389829390343e-02,	+2.296828764783277e-02,	0.492625210022485,	0.499999999457470
3971,	-8.364402000000000e-02,	+2.272024000000000e-02,	-8.375111507488130e-02,	+2.289872771011471e-02,	0.009366253694505,	0.500000000459210
3971,	+8.364402000000000e-02,	+2.272024000000000e-02,	+8.378487137332580e-02,	+2.293313983265245e-02,	0.492909352480409,	0.499999999758740
3970,	-8.369063000000000e-02,	+2.267868000000000e-02,	-8.380174768483249e-02,	+2.286295445502288e-02,	0.009109635892672,	0.499999999140205
3970,	+8.369063000000000e-02,	+2.267868000000000e-02,	+8.382932367879256e-02,	+2.290380495125992e-02,	0.493203342769493,	0.499999997890641
3969,	-8.373817000000000e-02,	+2.263802000000000e-02,	-8.385257425941955e-02,	+2.282704415887385e-02,	0.008852035033113,	0.499999999435996
3969,	+8.373817000000000e-02,	+2.263802000000000e-02,	+8.388135652470188e-02,	+2.287015736935936e-02,	0.493571672455833,	0.499999998739647
3968,	-8.379087000000000e-02,	+2.260276000000000e-02,	-8.390432043329883e-02,	+2.279048414192045e-02,	0.008589773431213,	0.499999997695943
3968,	+8.379087000000000e-02,	+2.260276000000000e-02,	+8.393465404816064e-02,	+2.283569197054566e-02,	0.493948954531322,	0.499999994519343
3967,	-8.385063000000000e-02,	+2.257880000000000e-02,	-8.395549224248759e-02,	+2.275432992855117e-02,	0.008330422842681,	0.499999999883463
3967,	+8.385063000000000e-02,	+2.257880000000000e-02,	+8.398780459651004e-02,	+2.280132161471766e-02,	0.494325196200603,	0.500000000046138
3966,	-8.391390000000000e-02,	+2.256723000000000e-02,	-8.400320029026473e-02,	+2.272062295265737e-02,	0.008088627399742,	0.500000003916544
3966,	+8.391390000000000e-02,	+2.256723000000000e-02,	+8.403782728882873e-02,	+2.276897391957883e-02,	0.494679296428058,	0.499999999768296
3965,	-8.397851000000001e-02,	+2.256733000000000e-02,	-8.404379012733172e-02,	+2.269281494710405e-02,	0.007852113363277,	0.499999999571933
3965,	+8.397851000000001e-02,	+2.256733000000000e-02,	+8.408171384127354e-02,	+2.274059422321755e-02,	0.494989960198491,	0.500000005578582
3964,	-8.404236000000000e-02,	+2.257905000000000e-02,	-8.408226380128500e-02,	+2.266690629798230e-02,	0.007612012157879,	0.500000003213733
3964,	+8.404236000000000e-02,	+2.257905000000000e-02,	+8.411511620704190e-02,	+2.272170534565348e-02,	0.495320026079631,	0.500000000191997
3963,	-8.410178000000000e-02,	+2.260167000000000e-02,	-8.411298380521405e-02,	+2.264621906640201e-02,	0.007420298988449,	0.499999998547016
3963,	+8.410178000000000e-02,	+2.260167000000000e-02,	+8.415069695035790e-02,	+2.270158484742003e-02,	0.495671625959985,	0.499999997836196
3962,	-8.415615000000000e-02,	+2.263488000000000e-02,	-8.413516249270397e-02,	+2.263128366322594e-02,	0.007281889290250,	0.499999996980025
3962,	+8.415615000000000e-02,	+2.263488000000000e-02,	+8.417793766048559e-02,	+2.268618054135665e-02,	0.495940811747831,	0.500000005484888
3961,	-8.420532999999999e-02,	+2.267918000000000e-02,	-8.414864336730905e-02,	+2.262220547510121e-02,	0.007197759704746,	0.499999995961788
3961,	+8.420532999999999e-02,	+2.267918000000000e-02,	+8.419650440940911e-02,	+2.267568125988861e-02,	0.496124283651217,	0.499999999972946
3960,	-8.424550000000000e-02,	+2.273231000000000e-02,	-8.415189854398261e-02,	+2.262001339876437e-02,	0.007177445246499,	0.500000000055192
3960,	+8.424550000000000e-02,	+2.273231000000000e-02,	+8.420447052988073e-02,	+2.267117651102902e-02,	0.496203002833102,	0.499999999146873
3959,	-8.427432999999999e-02,	+2.279098000000000e-02,	-8.436195672755425e-02,	+2.287766480840619e-02,	0.992720366724550,	0.500000001401538
3959,	+8.427432999999999e-02,	+2.279098000000000e-02,	+8.431335442738255e-02,	+2.280950294648585e-02,	0.503921627082836,	0.499999999237131
3958,	-8.429208000000001e-02,	+2.285466000000000e-02,	-8.433844600660614e-02,	+2.290378830490220e-02,	0.992537684168203,	0.499999999019747
3958,	+8.429208000000001e-02,	+2.285466000000000e-02,	+8.428941491498843e-02,	+2.284082617506620e-02,	0.504264117164011,	0.500000000729758
3957,	-8.429786000000000e-02,	+2.292297000000000e-02,	-8.430729118263468e-02,	+2.293840540306126e-02,	0.992295605548061,	0.500000000470006
3957,	+8.429786000000000e-02,	+2.292297000000000e-02,	+8.425876174178940e-02,	+2.288093377354266e-02,	0.504702656078436,	0.499999999901343
3956,	-8.428992000000000e-02,	+2.299113000000000e-02,	-8.427003170436631e-02,	+2.297980557331271e-02,	0.992006092659312,	0.500000001447233
3956,	+8.428992000000000e-02,	+2.299113000000000e-02,	+8.422459652686254e-02,	+2.292366989248423e-02,	0.505125698842918,	0.499999999236624
3955,	-8.426780000000000e-02,	+2.305389000000000e-02,	-8.422850543113759e-02,	+2.302394321362499e-02,	0.991750217619602,	0.499999998659510
3955,	+8.426780000000000e-02,	+2.305389000000000e-02,	+8.418419235420357e-02,	+2.297026954614834e-02,	0.505494275465977,	0.499999994981411
3954,	-8.423469000000000e-02,	+2.311009000000000e-02,	-8.418504353491274e-02,	+2.306998383342313e-02,	0.991487561856817,	0.499999999717369
3954,	+8.423469000000000e-02,	+2.311009000000000e-02,	+8.414228930781661e-02,	+2.301859790731995e-02,	0.505876525177252,	0.500000002921829
3953,	-8.419640000000000e-02,	+2.316153000000000e-02,	-8.414135721774542e-02,	+2.311626218972576e-02,	0.991223549838117,	0.500000000032264
3953,	+8.419640000000000e-02,	+2.316153000000000e-02,	+8.410048915620988e-02,	+2.306680759606725e-02,	0.506257836257486,	0.499999998538539
3952,	-8.415611000000001e-02,	+2.321129000000000e-02,	-8.409765518622392e-02,	+2.316255719276194e-02,	0.990959442851962,	0.499999998436891
3952,	+8.415611000000001e-02,	+2.321129000000000e-02,	+8.405865980771270e-02,	+2.311505095868765e-02,	0.506639413678808,	0.499999990268295
3951,	-8.411484000000000e-02,	+2.325970000000000e-02,	-8.405416537864016e-02,	+2.320862737998291e-02,	0.990696618410865,	0.499999999997485
3951,	+8.411484000000000e-02,	+2.325970000000000e-02,	+8.401775103625926e-02,	+2.316223258514105e-02,	0.507012593373962,	0.500000000543111
3950,	-8.407255000000000e-02,	+2.330705000000000e-02,	-8.401070163035333e-02,	+2.325466996173136e-02,	0.990433951455408,	0.499999998633246
3950,	+8.407255000000000e-02,	+2.330705000000000e-02,	+8.397635372525167e-02,	+2.320708674552199e-02,	0.507293834059155,	0.499999987417794
3949,	-8.402929000000001e-02,	+2.335348000000000e-02,	-8.396724504561959e-02,	+2.330070495489182e-02,	0.990171327791861,	0.500000000624768
3949,	+8.402929000000001e-02,	+2.335348000000000e-02,	+8.393337739720300e-02,	+2.325364033218157e-02,	0.507585420467729,	0.500000004049253
3948,	-8.398514999999999e-02,	+2.339914000000000e-02,	-8.392440307339183e-02,	+2.334573520311066e-02,	0.989924159350308,	0.499999997058421
3948,	+8.398514999999999e-02,	+2.339914000000000e-02,	+8.389037748309594e-02,	+2.330021946815310e-02,	0.507877166903331,	0.499999982998737
3947,	-8.394013000000000e-02,	+2.344423000000000e-02,	-8.388020693752282e-02,	+2.339115505481344e-02,	0.989703495752270,	0.499999999405178
3947,	+8.394013000000000e-02,	+2.344423000000000e-02,	+8.384725784878068e-02,	+2.334692828958967e-02,	0.508169725618324,	0.499999992752159
3946,	-8.389423999999999e-02,	+2.348895000000000e-02,	-8.383525740652689e-02,	+2.343734916187282e-02,	0.989479070583765,	0.499999998516490
3946,	+8.389423999999999e-02,	+2.348895000000000e-02,	+8.380392419489985e-02,	+2.339386894512757e-02,	0.508463736416342,	0.499999999121603
3945,	-8.384708000000000e-02,	+2.353387000000000e-02,	-8.378995873459168e-02,	+2.348390207699028e-02,	0.989252902215444,	0.499999999581348
3945,	+8.384708000000000e-02,	+2.353387000000000e-02,	+8.375988890870190e-02,	+2.344156963537205e-02,	0.508762507659396,	0.499999993517244
3944,	-8.379811000000000e-02,	+2.357969000000000e-02,	-8.374333153460435e-02,	+2.353182030484206e-02,	0.989020100738272,	0.500000000035313
3944,	+8.379811000000000e-02,	+2.357969000000000e-02,	+8.371561818426385e-02,	+2.348926154905469e-02,	0.509054111746414,	0.499999999248432
3943,	-8.374602000000000e-02,	+2.362780000000000e-02,	-8.369405448312180e-02,	+2.358246175407013e-02,	0.988774069014751,	0.500000000750139
3943,	+8.374602000000000e-02,	+2.362780000000000e-02,	+8.366670974344419e-02,	+2.354028871510520e-02,	0.509321085375465,	0.499999975085650
